Period,Group,Sender,Time,ClientTime,Key,Value
0,0,admin,1417719886202068484,1417719886194,__page_loaded__,
0,0,1,1417719892542438271,0,__register__,"{""user_id"": ""1""}"
0,0,1,1417719892566419145,1417719892559,__page_loaded__,
0,0,admin,1417719892566630717,1417719892559,do_lottery,
0,1,1,1417719892566947061,1417719892559,__set_group__,"{""group"": 1}"
0,1,1,1417719892587842094,1417719892581,__set_group__,"{""group"": 1}"
0,0,2,1417719895140791304,0,__register__,"{""user_id"": ""2""}"
0,0,admin,1417719895168275657,1417719895159,do_lottery,
0,1,1,1417719895168608044,1417719895159,__set_group__,"{""group"": 1}"
0,1,2,1417719895169069766,1417719895159,__set_group__,"{""group"": 1}"
0,0,2,1417719895177379607,1417719895161,__page_loaded__,
0,1,2,1417719895193544416,1417719895183,__set_group__,"{""group"": 1}"
0,1,1,1417719895194059296,1417719895183,__set_group__,"{""group"": 1}"
0,0,3,1417719897122488886,0,__register__,"{""user_id"": ""3""}"
0,0,admin,1417719897145688520,1417719897138,do_lottery,
0,1,1,1417719897146589324,1417719897138,__set_group__,"{""group"": 1}"
0,1,2,1417719897147092060,1417719897138,__set_group__,"{""group"": 1}"
0,1,3,1417719897147590326,1417719897138,__set_group__,"{""group"": 1}"
0,0,3,1417719897152632861,1417719897140,__page_loaded__,
0,1,3,1417719897169161618,1417719897160,__set_group__,"{""group"": 1}"
0,1,2,1417719897169689334,1417719897160,__set_group__,"{""group"": 1}"
0,1,1,1417719897175813681,1417719897160,__set_group__,"{""group"": 1}"
0,0,4,1417719898000221981,0,__register__,"{""user_id"": ""4""}"
0,0,admin,1417719898024153869,1417719898018,do_lottery,
0,1,1,1417719898029214048,1417719898018,__set_group__,"{""group"": 1}"
0,0,4,1417719898029611535,1417719898022,__page_loaded__,
0,1,2,1417719898029966817,1417719898018,__set_group__,"{""group"": 1}"
0,1,3,1417719898030605867,1417719898018,__set_group__,"{""group"": 1}"
0,1,4,1417719898031115201,1417719898018,__set_group__,"{""group"": 1}"
0,1,2,1417719898046517540,1417719898038,__set_group__,"{""group"": 1}"
0,1,4,1417719898050734241,1417719898038,__set_group__,"{""group"": 1}"
0,1,3,1417719898051293298,1417719898038,__set_group__,"{""group"": 1}"
0,1,1,1417719898064300348,1417719898038,__set_group__,"{""group"": 1}"
0,0,admin,1417719921949003874,1417719921922,__set_config__,
0,0,admin,1417719926159875513,1417719926149,change_auction_type,"{""auction_type"": ""VCG""}"
0,0,admin,1417719926943078367,1417719926935,start_session,
0,0,1,1417719926965133238,1417719926959,__set_period__,"{""period"": 0}"
0,0,2,1417719926968024613,1417719926959,__set_period__,"{""period"": 0}"
0,0,3,1417719926968617476,1417719926959,__set_period__,"{""period"": 0}"
0,0,4,1417719926969191180,1417719926959,__set_period__,"{""period"": 0}"
0,0,1,1417719926986309320,1417719926980,__set_page__,"{""page"": ""Wait""}"
0,0,2,1417719926991802057,1417719926983,__set_page__,"{""page"": ""Wait""}"
0,0,3,1417719926992173481,1417719926984,__set_page__,"{""page"": ""Wait""}"
0,0,4,1417719926996103693,1417719926985,__set_page__,"{""page"": ""Wait""}"
0,0,1,1417719928050874334,1417719928043,__page_loaded__,
0,0,2,1417719928229972851,1417719928223,__page_loaded__,
0,0,4,1417719928289133145,1417719928271,__page_loaded__,
0,0,3,1417719928328712990,1417719928321,__page_loaded__,
0,1,2,1417719928351349634,1417719928343,_at_barrier,_on_load_0
0,1,3,1417719928351648937,1417719928343,_at_barrier,_on_load_0
0,1,4,1417719928351949671,1417719928343,_at_barrier,_on_load_0
0,1,1,1417719928352228224,1417719928343,_at_barrier,_on_load_0
0,0,1,1417719928384445244,1417719928373,_next_period,
0,1,1,1417719928406499801,1417719928399,_accumulated_points,0
1,0,1,1417719928407975926,1417719928399,__set_period__,"{""period"": 1}"
1,0,1,1417719928430201922,1417719928423,__set_page__,"{""page"": ""Start""}"
1,0,1,1417719928847890382,1417719928840,__page_loaded__,
1,1,1,1417719928870299230,1417719928862,_at_barrier,_on_load_1
0,0,4,1417719929387694099,1417719929377,_next_period,
0,0,2,1417719929388741552,1417719929377,_next_period,
0,0,3,1417719929388933954,1417719929377,_next_period,
0,1,2,1417719929413120237,1417719929403,_accumulated_points,0
0,1,3,1417719929413360793,1417719929404,_accumulated_points,0
0,1,4,1417719929413712544,1417719929403,_accumulated_points,0
1,0,2,1417719929414066085,1417719929404,__set_period__,"{""period"": 1}"
1,0,3,1417719929414582001,1417719929404,__set_period__,"{""period"": 1}"
1,0,4,1417719929414991709,1417719929403,__set_period__,"{""period"": 1}"
1,0,2,1417719929438385423,1417719929429,__set_page__,"{""page"": ""Start""}"
1,0,4,1417719929438784157,1417719929431,__set_page__,"{""page"": ""Start""}"
1,0,3,1417719929439292430,1417719929429,__set_page__,"{""page"": ""Start""}"
1,0,4,1417719931263855695,1417719931255,__page_loaded__,
1,0,3,1417719931326009147,1417719931318,__page_loaded__,
1,0,2,1417719931367773283,1417719931359,__page_loaded__,
1,1,3,1417719931389845733,1417719931382,_at_barrier,_on_load_1
1,1,4,1417719931390043723,1417719931382,_at_barrier,_on_load_1
1,1,2,1417719931396427177,1417719931382,_at_barrier,_on_load_1
1,1,3,1417719931418305348,1417719931411,config,{}
1,1,4,1417719931418498554,1417719931412,config,{}
1,1,1,1417719931419377275,1417719931412,config,{}
1,1,2,1417719931419565610,1417719931412,config,{}
1,1,2,1417719932344786527,1417719932338,setup,"{""chosen"": true, ""time_keeper"": ""1""}"
1,1,1,1417719932345425511,1417719932338,setup,"{""chosen"": true, ""time_keeper"": ""1""}"
1,1,4,1417719932346068072,1417719932338,setup,"{""chosen"": true, ""time_keeper"": ""1""}"
1,1,3,1417719932354140043,1417719932339,setup,"{""chosen"": true, ""time_keeper"": ""1""}"
1,1,1,1417719932378327879,1417719932368,setup,"{""chosen"": true, ""time_keeper"": ""1""}"
1,1,3,1417719932378537515,1417719932366,setup,"{""chosen"": true, ""time_keeper"": ""1""}"
1,1,2,1417719932380685441,1417719932371,setup,"{""chosen"": true, ""time_keeper"": ""1""}"
1,1,4,1417719932389261741,1417719932381,setup,"{""chosen"": true, ""time_keeper"": ""1""}"
1,1,3,1417719932390319684,1417719932382,setup,"{""chosen"": true, ""time_keeper"": ""1""}"
1,1,1,1417719932392641272,1417719932384,setup,"{""chosen"": true, ""time_keeper"": ""1""}"
1,1,2,1417719932394979490,1417719932388,setup,"{""chosen"": true, ""time_keeper"": ""1""}"
1,1,4,1417719932412792020,1417719932405,setup,"{""chosen"": true, ""time_keeper"": ""1""}"
1,1,1,1417719932429032770,1417719932414,_at_barrier,_tick_0_1
1,1,4,1417719932452910756,1417719932444,_at_barrier,_tick_0_1
1,1,2,1417719932453143331,1417719932445,_at_barrier,_tick_0_1
1,1,3,1417719932453427755,1417719932445,_at_barrier,_tick_0_1
1,1,1,1417719932498385536,1417719932491,sync_time,"{""t"": 1}"
1,1,1,1417719932498877775,1417719932491,sync_net,"{""tmp"": [{""current_slot"": -1, ""name"": 1, ""ctr"": 190, ""revenue"": 1900, ""bid"": 0, ""vfc"": 10, ""cost"": 0, ""payoff"": 1900}, {""current_slot"": -1, ""name"": 2, ""ctr"": 380, ""revenue"": 7600, ""bid"": 0, ""vfc"": 20, ""cost"": 0, ""payoff"": 7600}, {""current_slot"": -1, ""name"": 3, ""ctr"": 400, ""revenue"": 12000, ""bid"": 0, ""vfc"": 30, ""cost"": 0, ""payoff"": 12000}, {""current_slot"": -1, ""name"": 4, ""ctr"": 1, ""revenue"": 40, ""bid"": 0, ""vfc"": 40, ""cost"": 0, ""payoff"": 40}]}"
1,1,1,1417719933110361471,1417719933099,replace_bids,"{""id"": ""1"", ""new_bid"": ""0.76""}"
1,1,1,1417719933118095214,1417719933099,replace_my_bid,"{""id"": ""1"", ""new_bid"": ""0.76""}"
1,1,1,1417719933274383180,1417719933267,replace_bids,"{""id"": ""1"", ""new_bid"": ""1.07""}"
1,1,1,1417719933281893074,1417719933267,replace_my_bid,"{""id"": ""1"", ""new_bid"": ""1.07""}"
1,1,1,1417719933306979984,1417719933300,replace_bids,"{""id"": ""1"", ""new_bid"": ""13.30""}"
1,1,1,1417719933307394292,1417719933300,replace_my_bid,"{""id"": ""1"", ""new_bid"": ""13.30""}"
1,1,1,1417719933341392524,1417719933334,replace_bids,"{""id"": ""1"", ""new_bid"": ""27.06""}"
1,1,1,1417719933349631607,1417719933334,replace_my_bid,"{""id"": ""1"", ""new_bid"": ""27.06""}"
1,1,1,1417719933371864476,1417719933369,replace_bids,"{""id"": ""1"", ""new_bid"": ""34.71""}"
1,1,1,1417719933375094092,1417719933369,replace_my_bid,"{""id"": ""1"", ""new_bid"": ""34.71""}"
1,1,1,1417719933410212264,1417719933402,replace_bids,"{""id"": ""1"", ""new_bid"": ""37.77""}"
1,1,1,1417719933410644745,1417719933402,replace_my_bid,"{""id"": ""1"", ""new_bid"": ""37.77""}"
1,1,1,1417719933444615023,1417719933437,replace_bids,"{""id"": ""1"", ""new_bid"": ""38.69""}"
1,1,1,1417719933452864693,1417719933437,replace_my_bid,"{""id"": ""1"", ""new_bid"": ""38.69""}"
1,1,1,1417719933503869001,1417719933491,_at_barrier,_tick_1_1
1,1,3,1417719933525988032,1417719933518,_at_barrier,_tick_1_1
1,1,4,1417719933526217558,1417719933518,_at_barrier,_tick_1_1
1,1,2,1417719933526529415,1417719933518,_at_barrier,_tick_1_1
1,1,1,1417719933570967833,1417719933562,sync_time,"{""t"": 2}"
1,1,1,1417719933581407622,1417719933562,sync_net,"{""tmp"": [{""current_slot"": 0, ""name"": 1, ""ctr"": 400, ""revenue"": 4000, ""bid"": 38.69, ""vfc"": 10, ""cost"": 0, ""payoff"": 4000}, {""current_slot"": 1, ""name"": 2, ""ctr"": 380, ""revenue"": 7600, ""bid"": 0, ""vfc"": 20, ""cost"": 0, ""payoff"": 7600}, {""current_slot"": 2, ""name"": 3, ""ctr"": 190, ""revenue"": 5700, ""bid"": 0, ""vfc"": 30, ""cost"": 0, ""payoff"": 5700}, {""current_slot"": 3, ""name"": 4, ""ctr"": 0, ""revenue"": 0, ""bid"": 0, ""vfc"": 40, ""cost"": 0, ""payoff"": 0}]}"
1,1,1,1417719934574467240,1417719934563,_at_barrier,_tick_2_1
1,1,2,1417719934595871439,1417719934589,_at_barrier,_tick_2_1
1,1,4,1417719934597704745,1417719934590,_at_barrier,_tick_2_1
1,1,3,1417719934597907854,1417719934589,_at_barrier,_tick_2_1
1,1,1,1417719934632962231,1417719934625,sync_time,"{""t"": 3}"
1,1,1,1417719934633433857,1417719934625,sync_net,"{""tmp"": [{""current_slot"": 0, ""name"": 1, ""ctr"": 400, ""revenue"": 4000, ""bid"": 38.69, ""vfc"": 10, ""cost"": 0, ""payoff"": 4000}, {""current_slot"": 1, ""name"": 2, ""ctr"": 380, ""revenue"": 7600, ""bid"": 0, ""vfc"": 20, ""cost"": 0, ""payoff"": 7600}, {""current_slot"": 2, ""name"": 3, ""ctr"": 190, ""revenue"": 5700, ""bid"": 0, ""vfc"": 30, ""cost"": 0, ""payoff"": 5700}, {""current_slot"": 3, ""name"": 4, ""ctr"": 0, ""revenue"": 0, ""bid"": 0, ""vfc"": 40, ""cost"": 0, ""payoff"": 0}]}"
1,1,2,1417719935636053155,1417719935629,_at_barrier,_tick_3_1
1,1,3,1417719935656970368,1417719935651,_at_barrier,_tick_3_1
1,1,1,1417719935660008482,1417719935651,_at_barrier,_tick_3_1
1,1,4,1417719935660106109,1417719935651,_at_barrier,_tick_3_1
1,1,1,1417719935702493022,1417719935695,sync_time,"{""t"": 4}"
1,1,1,1417719935710232029,1417719935695,sync_net,"{""tmp"": [{""current_slot"": 0, ""name"": 1, ""ctr"": 400, ""revenue"": 4000, ""bid"": 38.69, ""vfc"": 10, ""cost"": 0, ""payoff"": 4000}, {""current_slot"": 1, ""name"": 2, ""ctr"": 380, ""revenue"": 7600, ""bid"": 0, ""vfc"": 20, ""cost"": 0, ""payoff"": 7600}, {""current_slot"": 2, ""name"": 3, ""ctr"": 190, ""revenue"": 5700, ""bid"": 0, ""vfc"": 30, ""cost"": 0, ""payoff"": 5700}, {""current_slot"": 3, ""name"": 4, ""ctr"": 0, ""revenue"": 0, ""bid"": 0, ""vfc"": 40, ""cost"": 0, ""payoff"": 0}]}"
1,1,2,1417719936429116884,1417719936417,replace_bids,"{""id"": ""2"", ""new_bid"": ""0.76""}"
1,1,2,1417719936438676550,1417719936417,replace_my_bid,"{""id"": ""2"", ""new_bid"": ""0.76""}"
1,1,2,1417719936543180695,1417719936536,replace_bids,"{""id"": ""2"", ""new_bid"": ""1.38""}"
1,1,2,1417719936552832795,1417719936536,replace_my_bid,"{""id"": ""2"", ""new_bid"": ""1.38""}"
1,1,2,1417719936578291627,1417719936571,replace_bids,"{""id"": ""2"", ""new_bid"": ""11.47""}"
1,1,2,1417719936580828114,1417719936571,replace_my_bid,"{""id"": ""2"", ""new_bid"": ""11.47""}"
1,1,2,1417719936611808340,1417719936604,replace_bids,"{""id"": ""2"", ""new_bid"": ""27.37""}"
1,1,2,1417719936620746648,1417719936604,replace_my_bid,"{""id"": ""2"", ""new_bid"": ""27.37""}"
1,1,2,1417719936648576458,1417719936638,replace_bids,"{""id"": ""2"", ""new_bid"": ""37.16""}"
1,1,2,1417719936648985746,1417719936638,replace_my_bid,"{""id"": ""2"", ""new_bid"": ""37.16""}"
1,1,2,1417719936681523846,1417719936673,replace_bids,"{""id"": ""2"", ""new_bid"": ""40.52""}"
1,1,2,1417719936688666103,1417719936673,replace_my_bid,"{""id"": ""2"", ""new_bid"": ""40.52""}"
1,1,2,1417719936695840073,1417719936688,_at_barrier,_tick_4_1
1,1,2,1417719936715144417,1417719936707,replace_bids,"{""id"": ""2"", ""new_bid"": ""42.35""}"
1,1,2,1417719936717466208,1417719936707,replace_my_bid,"{""id"": ""2"", ""new_bid"": ""42.35""}"
1,1,3,1417719936720385638,1417719936712,_at_barrier,_tick_4_1
1,1,4,1417719936720486273,1417719936712,_at_barrier,_tick_4_1
1,1,1,1417719936720597930,1417719936712,_at_barrier,_tick_4_1
1,1,2,1417719936763890215,1417719936754,replace_bids,"{""id"": ""2"", ""new_bid"": ""42.97""}"
1,1,1,1417719936763985493,1417719936756,sync_time,"{""t"": 5}"
1,1,2,1417719936764147258,1417719936754,replace_my_bid,"{""id"": ""2"", ""new_bid"": ""42.97""}"
1,1,1,1417719936764317291,1417719936756,sync_net,"{""tmp"": [{""current_slot"": 0, ""name"": 2, ""ctr"": 400, ""revenue"": 8000, ""bid"": 42.35, ""vfc"": 20, ""cost"": 773.8000000000011, ""payoff"": 7226.199999999999}, {""current_slot"": 1, ""name"": 1, ""ctr"": 380, ""revenue"": 3800, ""bid"": 38.69, ""vfc"": 10, ""cost"": 0, ""payoff"": 3800}, {""current_slot"": 2, ""name"": 3, ""ctr"": 190, ""revenue"": 5700, ""bid"": 0, ""vfc"": 30, ""cost"": 0, ""payoff"": 5700}, {""current_slot"": 3, ""name"": 4, ""ctr"": 0, ""revenue"": 0, ""bid"": 0, ""vfc"": 40, ""cost"": 0, ""payoff"": 0}]}"
1,1,2,1417719937764074844,1417719937754,_at_barrier,_tick_5_1
1,1,3,1417719937785454607,1417719937779,_at_barrier,_tick_5_1
1,1,1,1417719937787226884,1417719937779,_at_barrier,_tick_5_1
1,1,4,1417719937787423223,1417719937779,_at_barrier,_tick_5_1
1,1,1,1417719937822907096,1417719937816,sync_time,"{""t"": 6}"
1,1,1,1417719937832809123,1417719937816,sync_net,"{""tmp"": [{""current_slot"": 0, ""name"": 2, ""ctr"": 400, ""revenue"": 8000, ""bid"": 42.97, ""vfc"": 20, ""cost"": 773.8000000000011, ""payoff"": 7226.199999999999}, {""current_slot"": 1, ""name"": 1, ""ctr"": 380, ""revenue"": 3800, ""bid"": 38.69, ""vfc"": 10, ""cost"": 0, ""payoff"": 3800}, {""current_slot"": 2, ""name"": 3, ""ctr"": 190, ""revenue"": 5700, ""bid"": 0, ""vfc"": 30, ""cost"": 0, ""payoff"": 5700}, {""current_slot"": 3, ""name"": 4, ""ctr"": 0, ""revenue"": 0, ""bid"": 0, ""vfc"": 40, ""cost"": 0, ""payoff"": 0}]}"
1,1,3,1417719938832139200,1417719938821,_at_barrier,_tick_6_1
1,1,2,1417719938853714238,1417719938846,_at_barrier,_tick_6_1
1,1,1,1417719938854461793,1417719938846,_at_barrier,_tick_6_1
1,1,4,1417719938854662589,1417719938846,_at_barrier,_tick_6_1
1,1,1,1417719938895649996,1417719938887,sync_time,"{""t"": 7}"
1,1,1,1417719938906641642,1417719938887,sync_net,"{""tmp"": [{""current_slot"": 0, ""name"": 2, ""ctr"": 400, ""revenue"": 8000, ""bid"": 42.97, ""vfc"": 20, ""cost"": 773.8000000000011, ""payoff"": 7226.199999999999}, {""current_slot"": 1, ""name"": 1, ""ctr"": 380, ""revenue"": 3800, ""bid"": 38.69, ""vfc"": 10, ""cost"": 0, ""payoff"": 3800}, {""current_slot"": 2, ""name"": 3, ""ctr"": 190, ""revenue"": 5700, ""bid"": 0, ""vfc"": 30, ""cost"": 0, ""payoff"": 5700}, {""current_slot"": 3, ""name"": 4, ""ctr"": 0, ""revenue"": 0, ""bid"": 0, ""vfc"": 40, ""cost"": 0, ""payoff"": 0}]}"
1,1,3,1417719939900229752,1417719939891,_at_barrier,_tick_7_1
1,1,2,1417719939924362411,1417719939916,_at_barrier,_tick_7_1
1,1,1,1417719939924570754,1417719939916,_at_barrier,_tick_7_1
1,1,4,1417719939933255849,1417719939916,_at_barrier,_tick_7_1
1,1,1,1417719939972170720,1417719939964,sync_time,"{""t"": 8}"
1,1,1,1417719939983330525,1417719939964,sync_net,"{""tmp"": [{""current_slot"": 0, ""name"": 2, ""ctr"": 400, ""revenue"": 8000, ""bid"": 42.97, ""vfc"": 20, ""cost"": 773.8000000000011, ""payoff"": 7226.199999999999}, {""current_slot"": 1, ""name"": 1, ""ctr"": 380, ""revenue"": 3800, ""bid"": 38.69, ""vfc"": 10, ""cost"": 0, ""payoff"": 3800}, {""current_slot"": 2, ""name"": 3, ""ctr"": 190, ""revenue"": 5700, ""bid"": 0, ""vfc"": 30, ""cost"": 0, ""payoff"": 5700}, {""current_slot"": 3, ""name"": 4, ""ctr"": 0, ""revenue"": 0, ""bid"": 0, ""vfc"": 40, ""cost"": 0, ""payoff"": 0}]}"
1,1,3,1417719940234296656,1417719940224,replace_bids,"{""id"": ""3"", ""new_bid"": ""4.13""}"
1,1,3,1417719940250491516,1417719940224,replace_my_bid,"{""id"": ""3"", ""new_bid"": ""4.13""}"
1,1,3,1417719940263026590,1417719940257,replace_bids,"{""id"": ""3"", ""new_bid"": ""13.61""}"
1,1,3,1417719940271787560,1417719940257,replace_my_bid,"{""id"": ""3"", ""new_bid"": ""13.61""}"
1,1,3,1417719940293665464,1417719940290,replace_bids,"{""id"": ""3"", ""new_bid"": ""20.95""}"
1,1,3,1417719940298484037,1417719940291,replace_my_bid,"{""id"": ""3"", ""new_bid"": ""20.95""}"
1,1,3,1417719940330224644,1417719940324,replace_bids,"{""id"": ""3"", ""new_bid"": ""25.23""}"
1,1,3,1417719940339547760,1417719940324,replace_my_bid,"{""id"": ""3"", ""new_bid"": ""25.23""}"
1,1,3,1417719940365726167,1417719940358,replace_bids,"{""id"": ""3"", ""new_bid"": ""28.59""}"
1,1,3,1417719940366406435,1417719940358,replace_my_bid,"{""id"": ""3"", ""new_bid"": ""28.59""}"
1,1,3,1417719940398340116,1417719940391,replace_bids,"{""id"": ""3"", ""new_bid"": ""30.43""}"
1,1,3,1417719940407175080,1417719940391,replace_my_bid,"{""id"": ""3"", ""new_bid"": ""30.43""}"
1,1,3,1417719940429687353,1417719940424,replace_bids,"{""id"": ""3"", ""new_bid"": ""31.04""}"
1,1,3,1417719940431105730,1417719940424,replace_my_bid,"{""id"": ""3"", ""new_bid"": ""31.04""}"
1,1,3,1417719940972882948,1417719940964,_at_barrier,_tick_8_1
1,1,2,1417719940994388515,1417719940987,_at_barrier,_tick_8_1
1,1,1,1417719940996382636,1417719940987,_at_barrier,_tick_8_1
1,1,4,1417719940996588598,1417719940988,_at_barrier,_tick_8_1
1,1,1,1417719941030747495,1417719941022,sync_time,"{""t"": 9}"
1,1,1,1417719941039968617,1417719941022,sync_net,"{""tmp"": [{""current_slot"": 0, ""name"": 2, ""ctr"": 400, ""revenue"": 8000, ""bid"": 42.97, ""vfc"": 20, ""cost"": 6671.400000000001, ""payoff"": 1328.5999999999995}, {""current_slot"": 1, ""name"": 1, ""ctr"": 380, ""revenue"": 3800, ""bid"": 38.69, ""vfc"": 10, ""cost"": 5897.599999999999, ""payoff"": -2097.5999999999995}, {""current_slot"": 2, ""name"": 3, ""ctr"": 190, ""revenue"": 5700, ""bid"": 31.04, ""vfc"": 30, ""cost"": 0, ""payoff"": 5700}, {""current_slot"": 3, ""name"": 4, ""ctr"": 0, ""revenue"": 0, ""bid"": 0, ""vfc"": 40, ""cost"": 0, ""payoff"": 0}]}"
1,1,3,1417719942040930223,1417719942030,_at_barrier,_tick_9_1
1,1,1,1417719942063614755,1417719942055,_at_barrier,_tick_9_1
1,1,2,1417719942064952158,1417719942056,_at_barrier,_tick_9_1
1,1,4,1417719942065147350,1417719942056,_at_barrier,_tick_9_1
1,1,1,1417719942105662874,1417719942095,sync_time,"{""t"": 10}"
1,1,1,1417719942115940268,1417719942095,sync_net,"{""tmp"": [{""current_slot"": 0, ""name"": 2, ""ctr"": 400, ""revenue"": 8000, ""bid"": 42.97, ""vfc"": 20, ""cost"": 6671.400000000001, ""payoff"": 1328.5999999999995}, {""current_slot"": 1, ""name"": 1, ""ctr"": 380, ""revenue"": 3800, ""bid"": 38.69, ""vfc"": 10, ""cost"": 5897.599999999999, ""payoff"": -2097.5999999999995}, {""current_slot"": 2, ""name"": 3, ""ctr"": 190, ""revenue"": 5700, ""bid"": 31.04, ""vfc"": 30, ""cost"": 0, ""payoff"": 5700}, {""current_slot"": 3, ""name"": 4, ""ctr"": 0, ""revenue"": 0, ""bid"": 0, ""vfc"": 40, ""cost"": 0, ""payoff"": 0}]}"
1,1,4,1417719943124052454,1417719943115,_at_barrier,_tick_10_1
1,1,3,1417719943146525450,1417719943139,_at_barrier,_tick_10_1
1,1,1,1417719943148342588,1417719943139,_at_barrier,_tick_10_1
1,1,2,1417719943148541624,1417719943139,_at_barrier,_tick_10_1
1,1,1,1417719943189342771,1417719943178,sync_time,"{""t"": 11}"
1,1,1,1417719943189847454,1417719943178,sync_net,"{""tmp"": [{""current_slot"": 0, ""name"": 2, ""ctr"": 400, ""revenue"": 8000, ""bid"": 42.97, ""vfc"": 20, ""cost"": 6671.400000000001, ""payoff"": 1328.5999999999995}, {""current_slot"": 1, ""name"": 1, ""ctr"": 380, ""revenue"": 3800, ""bid"": 38.69, ""vfc"": 10, ""cost"": 5897.599999999999, ""payoff"": -2097.5999999999995}, {""current_slot"": 2, ""name"": 3, ""ctr"": 190, ""revenue"": 5700, ""bid"": 31.04, ""vfc"": 30, ""cost"": 0, ""payoff"": 5700}, {""current_slot"": 3, ""name"": 4, ""ctr"": 0, ""revenue"": 0, ""bid"": 0, ""vfc"": 40, ""cost"": 0, ""payoff"": 0}]}"
1,1,4,1417719944073706074,1417719944063,replace_bids,"{""id"": ""4"", ""new_bid"": ""0.15""}"
1,1,4,1417719944082540647,1417719944063,replace_my_bid,"{""id"": ""4"", ""new_bid"": ""0.15""}"
1,1,4,1417719944104769714,1417719944097,replace_bids,"{""id"": ""4"", ""new_bid"": ""13.91""}"
1,1,4,1417719944107433926,1417719944097,replace_my_bid,"{""id"": ""4"", ""new_bid"": ""13.91""}"
1,1,4,1417719944137721698,1417719944130,replace_bids,"{""id"": ""4"", ""new_bid"": ""29.82""}"
1,1,4,1417719944146849586,1417719944130,replace_my_bid,"{""id"": ""4"", ""new_bid"": ""29.82""}"
1,1,4,1417719944169612938,1417719944165,replace_bids,"{""id"": ""4"", ""new_bid"": ""38.99""}"
1,1,4,1417719944172823213,1417719944165,replace_my_bid,"{""id"": ""4"", ""new_bid"": ""38.99""}"
1,1,4,1417719944191481326,1417719944183,_at_barrier,_tick_11_1
1,1,4,1417719944211395324,1417719944199,replace_bids,"{""id"": ""4"", ""new_bid"": ""42.05""}"
1,1,4,1417719944211829915,1417719944199,replace_my_bid,"{""id"": ""4"", ""new_bid"": ""42.05""}"
1,1,3,1417719944219415117,1417719944211,_at_barrier,_tick_11_1
1,1,1,1417719944219646757,1417719944211,_at_barrier,_tick_11_1
1,1,2,1417719944219947457,1417719944211,_at_barrier,_tick_11_1
1,1,1,1417719944258691886,1417719944251,sync_time,"{""t"": 12}"
1,1,1,1417719944265909707,1417719944251,sync_net,"{""tmp"": [{""current_slot"": 0, ""name"": 2, ""ctr"": 400, ""revenue"": 8000, ""bid"": 42.97, ""vfc"": 20, ""cost"": 14089.7, ""payoff"": -6089.700000000001}, {""current_slot"": 1, ""name"": 4, ""ctr"": 380, ""revenue"": 15200, ""bid"": 42.05, ""vfc"": 40, ""cost"": 13248.699999999999, ""payoff"": 1951.300000000001}, {""current_slot"": 2, ""name"": 1, ""ctr"": 190, ""revenue"": 1900, ""bid"": 38.69, ""vfc"": 10, ""cost"": 5897.599999999999, ""payoff"": -3997.5999999999995}, {""current_slot"": 3, ""name"": 3, ""ctr"": 0, ""revenue"": 0, ""bid"": 31.04, ""vfc"": 30, ""cost"": 0, ""payoff"": 0}]}"
1,1,4,1417719944266240304,1417719944259,replace_bids,"{""id"": ""4"", ""new_bid"": ""42.97""}"
1,1,4,1417719944275344994,1417719944259,replace_my_bid,"{""id"": ""4"", ""new_bid"": ""42.97""}"
1,1,4,1417719944298104270,1417719944290,replace_bids,"{""id"": ""4"", ""new_bid"": ""44.19""}"
1,1,4,1417719944298545635,1417719944290,replace_my_bid,"{""id"": ""4"", ""new_bid"": ""44.19""}"
1,1,4,1417719944332871717,1417719944326,replace_bids,"{""id"": ""4"", ""new_bid"": ""45.11""}"
1,1,4,1417719944343097854,1417719944326,replace_my_bid,"{""id"": ""4"", ""new_bid"": ""45.11""}"
1,1,4,1417719944471946781,1417719944465,replace_bids,"{""id"": ""4"", ""new_bid"": ""45.41""}"
1,1,4,1417719944481988533,1417719944465,replace_my_bid,"{""id"": ""4"", ""new_bid"": ""45.41""}"
1,1,4,1417719944503485046,1417719944498,replace_bids,"{""id"": ""4"", ""new_bid"": ""46.33""}"
1,1,4,1417719944506560883,1417719944498,replace_my_bid,"{""id"": ""4"", ""new_bid"": ""46.33""}"
1,1,4,1417719944540934343,1417719944532,replace_bids,"{""id"": ""4"", ""new_bid"": ""47.55""}"
1,1,4,1417719944549529010,1417719944532,replace_my_bid,"{""id"": ""4"", ""new_bid"": ""47.55""}"
1,1,4,1417719945259348513,1417719945252,_at_barrier,_tick_12_1
1,1,2,1417719945284141480,1417719945275,_at_barrier,_tick_12_1
1,1,3,1417719945284374262,1417719945275,_at_barrier,_tick_12_1
1,1,1,1417719945284716103,1417719945275,_at_barrier,_tick_12_1
1,1,1,1417719945322672249,1417719945315,sync_time,"{""t"": 13}"
1,1,1,1417719945323207936,1417719945315,sync_net,"{""tmp"": [{""current_slot"": 0, ""name"": 4, ""ctr"": 400, ""revenue"": 16000, ""bid"": 47.55, ""vfc"": 40, ""cost"": 14108.099999999999, ""payoff"": 1891.9000000000015}, {""current_slot"": 1, ""name"": 2, ""ctr"": 380, ""revenue"": 7600, ""bid"": 42.97, ""vfc"": 20, ""cost"": 13248.699999999999, ""payoff"": -5648.699999999999}, {""current_slot"": 2, ""name"": 1, ""ctr"": 190, ""revenue"": 1900, ""bid"": 38.69, ""vfc"": 10, ""cost"": 5897.599999999999, ""payoff"": -3997.5999999999995}, {""current_slot"": 3, ""name"": 3, ""ctr"": 0, ""revenue"": 0, ""bid"": 31.04, ""vfc"": 30, ""cost"": 0, ""payoff"": 0}]}"
1,1,4,1417719946324189336,1417719946314,_at_barrier,_tick_13_1
1,1,1,1417719946348821748,1417719946341,_at_barrier,_tick_13_1
1,1,3,1417719946350760064,1417719946342,_at_barrier,_tick_13_1
1,1,2,1417719946358479391,1417719946342,_at_barrier,_tick_13_1
1,1,1,1417719946394564237,1417719946386,sync_time,"{""t"": 14}"
1,1,1,1417719946402449090,1417719946386,sync_net,"{""tmp"": [{""current_slot"": 0, ""name"": 4, ""ctr"": 400, ""revenue"": 16000, ""bid"": 47.55, ""vfc"": 40, ""cost"": 14108.099999999999, ""payoff"": 1891.9000000000015}, {""current_slot"": 1, ""name"": 2, ""ctr"": 380, ""revenue"": 7600, ""bid"": 42.97, ""vfc"": 20, ""cost"": 13248.699999999999, ""payoff"": -5648.699999999999}, {""current_slot"": 2, ""name"": 1, ""ctr"": 190, ""revenue"": 1900, ""bid"": 38.69, ""vfc"": 10, ""cost"": 5897.599999999999, ""payoff"": -3997.5999999999995}, {""current_slot"": 3, ""name"": 3, ""ctr"": 0, ""revenue"": 0, ""bid"": 31.04, ""vfc"": 30, ""cost"": 0, ""payoff"": 0}]}"
1,1,1,1417719947397663644,1417719947388,_at_barrier,_tick_14_1
1,1,3,1417719947419298962,1417719947411,_at_barrier,_tick_14_1
1,1,2,1417719947420107452,1417719947412,_at_barrier,_tick_14_1
1,1,4,1417719947420301214,1417719947412,_at_barrier,_tick_14_1
1,1,1,1417719947469777040,1417719947449,sync_time,"{""t"": 15}"
1,1,1,1417719947480064424,1417719947449,sync_net,"{""tmp"": [{""current_slot"": 0, ""name"": 4, ""ctr"": 400, ""revenue"": 16000, ""bid"": 47.55, ""vfc"": 40, ""cost"": 14108.099999999999, ""payoff"": 1891.9000000000015}, {""current_slot"": 1, ""name"": 2, ""ctr"": 380, ""revenue"": 7600, ""bid"": 42.97, ""vfc"": 20, ""cost"": 13248.699999999999, ""payoff"": -5648.699999999999}, {""current_slot"": 2, ""name"": 1, ""ctr"": 190, ""revenue"": 1900, ""bid"": 38.69, ""vfc"": 10, ""cost"": 5897.599999999999, ""payoff"": -3997.5999999999995}, {""current_slot"": 3, ""name"": 3, ""ctr"": 0, ""revenue"": 0, ""bid"": 31.04, ""vfc"": 30, ""cost"": 0, ""payoff"": 0}]}"
1,1,1,1417719948461089907,1417719948450,_at_barrier,_tick_15_1
1,1,2,1417719948471181072,1417719948463,_at_barrier,_tick_15_1
1,1,3,1417719948485211962,1417719948477,_at_barrier,_tick_15_1
1,1,4,1417719948491070770,1417719948477,_at_barrier,_tick_15_1
1,1,1,1417719948534982434,1417719948526,sync_time,"{""t"": 16}"
1,1,1,1417719948558540493,1417719948526,sync_net,"{""tmp"": [{""current_slot"": 0, ""name"": 4, ""ctr"": 400, ""revenue"": 16000, ""bid"": 47.55, ""vfc"": 40, ""cost"": 14108.099999999999, ""payoff"": 1891.9000000000015}, {""current_slot"": 1, ""name"": 2, ""ctr"": 380, ""revenue"": 7600, ""bid"": 42.97, ""vfc"": 20, ""cost"": 13248.699999999999, ""payoff"": -5648.699999999999}, {""current_slot"": 2, ""name"": 1, ""ctr"": 190, ""revenue"": 1900, ""bid"": 38.69, ""vfc"": 10, ""cost"": 5897.599999999999, ""payoff"": -3997.5999999999995}, {""current_slot"": 3, ""name"": 3, ""ctr"": 0, ""revenue"": 0, ""bid"": 31.04, ""vfc"": 30, ""cost"": 0, ""payoff"": 0}]}"
1,1,2,1417719949541186934,1417719949530,_at_barrier,_tick_16_1
1,1,4,1417719949562808659,1417719949555,_at_barrier,_tick_16_1
1,1,1,1417719949564171103,1417719949556,_at_barrier,_tick_16_1
1,1,3,1417719949564362162,1417719949556,_at_barrier,_tick_16_1
1,1,1,1417719949599133319,1417719949591,sync_time,"{""t"": 17}"
1,1,1,1417719949620921241,1417719949591,sync_net,"{""tmp"": [{""current_slot"": 0, ""name"": 4, ""ctr"": 400, ""revenue"": 16000, ""bid"": 47.55, ""vfc"": 40, ""cost"": 14108.099999999999, ""payoff"": 1891.9000000000015}, {""current_slot"": 1, ""name"": 2, ""ctr"": 380, ""revenue"": 7600, ""bid"": 42.97, ""vfc"": 20, ""cost"": 13248.699999999999, ""payoff"": -5648.699999999999}, {""current_slot"": 2, ""name"": 1, ""ctr"": 190, ""revenue"": 1900, ""bid"": 38.69, ""vfc"": 10, ""cost"": 5897.599999999999, ""payoff"": -3997.5999999999995}, {""current_slot"": 3, ""name"": 3, ""ctr"": 0, ""revenue"": 0, ""bid"": 31.04, ""vfc"": 30, ""cost"": 0, ""payoff"": 0}]}"
1,1,3,1417719950609025995,1417719950600,_at_barrier,_tick_17_1
1,1,1,1417719950630487272,1417719950623,_at_barrier,_tick_17_1
1,1,2,1417719950631419026,1417719950623,_at_barrier,_tick_17_1
1,1,4,1417719950641223828,1417719950623,_at_barrier,_tick_17_1
1,1,1,1417719950680844871,1417719950672,sync_time,"{""t"": 18}"
1,1,1,1417719950691305778,1417719950672,sync_net,"{""tmp"": [{""current_slot"": 0, ""name"": 4, ""ctr"": 400, ""revenue"": 16000, ""bid"": 47.55, ""vfc"": 40, ""cost"": 14108.099999999999, ""payoff"": 1891.9000000000015}, {""current_slot"": 1, ""name"": 2, ""ctr"": 380, ""revenue"": 7600, ""bid"": 42.97, ""vfc"": 20, ""cost"": 13248.699999999999, ""payoff"": -5648.699999999999}, {""current_slot"": 2, ""name"": 1, ""ctr"": 190, ""revenue"": 1900, ""bid"": 38.69, ""vfc"": 10, ""cost"": 5897.599999999999, ""payoff"": -3997.5999999999995}, {""current_slot"": 3, ""name"": 3, ""ctr"": 0, ""revenue"": 0, ""bid"": 31.04, ""vfc"": 30, ""cost"": 0, ""payoff"": 0}]}"
1,1,3,1417719951751558965,1417719951679,_at_barrier,_tick_18_1
1,1,1,1417719951776228211,1417719951767,_at_barrier,_tick_18_1
1,1,2,1417719951776478004,1417719951767,_at_barrier,_tick_18_1
1,1,4,1417719951776768505,1417719951767,_at_barrier,_tick_18_1
1,1,1,1417719951816317213,1417719951809,sync_time,"{""t"": 19}"
1,1,1,1417719951824266053,1417719951810,sync_net,"{""tmp"": [{""current_slot"": 0, ""name"": 4, ""ctr"": 400, ""revenue"": 16000, ""bid"": 47.55, ""vfc"": 40, ""cost"": 14108.099999999999, ""payoff"": 1891.9000000000015}, {""current_slot"": 1, ""name"": 2, ""ctr"": 380, ""revenue"": 7600, ""bid"": 42.97, ""vfc"": 20, ""cost"": 13248.699999999999, ""payoff"": -5648.699999999999}, {""current_slot"": 2, ""name"": 1, ""ctr"": 190, ""revenue"": 1900, ""bid"": 38.69, ""vfc"": 10, ""cost"": 5897.599999999999, ""payoff"": -3997.5999999999995}, {""current_slot"": 3, ""name"": 3, ""ctr"": 0, ""revenue"": 0, ""bid"": 31.04, ""vfc"": 30, ""cost"": 0, ""payoff"": 0}]}"
1,1,3,1417719952817142928,1417719952810,_at_barrier,_tick_19_1
1,1,1,1417719952838553710,1417719952832,_at_barrier,_tick_19_1
1,1,2,1417719952840361829,1417719952832,_at_barrier,_tick_19_1
1,1,4,1417719952840561065,1417719952832,_at_barrier,_tick_19_1
1,1,1,1417719952877073027,1417719952870,sync_time,"{""t"": 20}"
1,1,1,1417719952887155392,1417719952871,sync_net,"{""tmp"": [{""current_slot"": 0, ""name"": 4, ""ctr"": 400, ""revenue"": 16000, ""bid"": 47.55, ""vfc"": 40, ""cost"": 14108.099999999999, ""payoff"": 1891.9000000000015}, {""current_slot"": 1, ""name"": 2, ""ctr"": 380, ""revenue"": 7600, ""bid"": 42.97, ""vfc"": 20, ""cost"": 13248.699999999999, ""payoff"": -5648.699999999999}, {""current_slot"": 2, ""name"": 1, ""ctr"": 190, ""revenue"": 1900, ""bid"": 38.69, ""vfc"": 10, ""cost"": 5897.599999999999, ""payoff"": -3997.5999999999995}, {""current_slot"": 3, ""name"": 3, ""ctr"": 0, ""revenue"": 0, ""bid"": 31.04, ""vfc"": 30, ""cost"": 0, ""payoff"": 0}]}"
1,1,3,1417719953884160835,1417719953872,_at_barrier,_tick_20_1
1,1,4,1417719953907561858,1417719953898,_at_barrier,_tick_20_1
1,1,1,1417719953907806604,1417719953899,_at_barrier,_tick_20_1
1,1,2,1417719953908096127,1417719953898,_at_barrier,_tick_20_1
1,1,1,1417719953945158549,1417719953937,sync_time,"{""t"": 21}"
1,1,1,1417719953945647175,1417719953937,sync_net,"{""tmp"": [{""current_slot"": 0, ""name"": 4, ""ctr"": 400, ""revenue"": 16000, ""bid"": 47.55, ""vfc"": 40, ""cost"": 14108.099999999999, ""payoff"": 1891.9000000000015}, {""current_slot"": 1, ""name"": 2, ""ctr"": 380, ""revenue"": 7600, ""bid"": 42.97, ""vfc"": 20, ""cost"": 13248.699999999999, ""payoff"": -5648.699999999999}, {""current_slot"": 2, ""name"": 1, ""ctr"": 190, ""revenue"": 1900, ""bid"": 38.69, ""vfc"": 10, ""cost"": 5897.599999999999, ""payoff"": -3997.5999999999995}, {""current_slot"": 3, ""name"": 3, ""ctr"": 0, ""revenue"": 0, ""bid"": 31.04, ""vfc"": 30, ""cost"": 0, ""payoff"": 0}]}"
1,1,3,1417719954952593051,1417719954940,_at_barrier,_tick_21_1
1,1,1,1417719954973832758,1417719954967,_at_barrier,_tick_21_1
1,1,2,1417719954975240765,1417719954967,_at_barrier,_tick_21_1
1,1,4,1417719954984943103,1417719954967,_at_barrier,_tick_21_1
1,1,1,1417719955023437249,1417719955015,sync_time,"{""t"": 22}"
1,1,1,1417719955024077063,1417719955015,sync_net,"{""tmp"": [{""current_slot"": 0, ""name"": 4, ""ctr"": 400, ""revenue"": 16000, ""bid"": 47.55, ""vfc"": 40, ""cost"": 14108.099999999999, ""payoff"": 1891.9000000000015}, {""current_slot"": 1, ""name"": 2, ""ctr"": 380, ""revenue"": 7600, ""bid"": 42.97, ""vfc"": 20, ""cost"": 13248.699999999999, ""payoff"": -5648.699999999999}, {""current_slot"": 2, ""name"": 1, ""ctr"": 190, ""revenue"": 1900, ""bid"": 38.69, ""vfc"": 10, ""cost"": 5897.599999999999, ""payoff"": -3997.5999999999995}, {""current_slot"": 3, ""name"": 3, ""ctr"": 0, ""revenue"": 0, ""bid"": 31.04, ""vfc"": 30, ""cost"": 0, ""payoff"": 0}]}"
1,1,3,1417719956026121811,1417719956018,_at_barrier,_tick_22_1
1,1,1,1417719956048110254,1417719956041,_at_barrier,_tick_22_1
1,1,2,1417719956050012330,1417719956041,_at_barrier,_tick_22_1
1,1,4,1417719956056410898,1417719956041,_at_barrier,_tick_22_1
1,1,1,1417719956094779132,1417719956088,sync_time,"{""t"": 23}"
1,1,1,1417719956106154397,1417719956088,sync_net,"{""tmp"": [{""current_slot"": 0, ""name"": 4, ""ctr"": 400, ""revenue"": 16000, ""bid"": 47.55, ""vfc"": 40, ""cost"": 14108.099999999999, ""payoff"": 1891.9000000000015}, {""current_slot"": 1, ""name"": 2, ""ctr"": 380, ""revenue"": 7600, ""bid"": 42.97, ""vfc"": 20, ""cost"": 13248.699999999999, ""payoff"": -5648.699999999999}, {""current_slot"": 2, ""name"": 1, ""ctr"": 190, ""revenue"": 1900, ""bid"": 38.69, ""vfc"": 10, ""cost"": 5897.599999999999, ""payoff"": -3997.5999999999995}, {""current_slot"": 3, ""name"": 3, ""ctr"": 0, ""revenue"": 0, ""bid"": 31.04, ""vfc"": 30, ""cost"": 0, ""payoff"": 0}]}"
1,1,3,1417719957094583265,1417719957083,_at_barrier,_tick_23_1
1,1,2,1417719957116633971,1417719957109,_at_barrier,_tick_23_1
1,1,1,1417719957116876232,1417719957109,_at_barrier,_tick_23_1
1,1,4,1417719957125272963,1417719957109,_at_barrier,_tick_23_1
1,1,1,1417719957165552743,1417719957157,sync_time,"{""t"": 24}"
1,1,1,1417719957172266576,1417719957157,sync_net,"{""tmp"": [{""current_slot"": 0, ""name"": 4, ""ctr"": 400, ""revenue"": 16000, ""bid"": 47.55, ""vfc"": 40, ""cost"": 14108.099999999999, ""payoff"": 1891.9000000000015}, {""current_slot"": 1, ""name"": 2, ""ctr"": 380, ""revenue"": 7600, ""bid"": 42.97, ""vfc"": 20, ""cost"": 13248.699999999999, ""payoff"": -5648.699999999999}, {""current_slot"": 2, ""name"": 1, ""ctr"": 190, ""revenue"": 1900, ""bid"": 38.69, ""vfc"": 10, ""cost"": 5897.599999999999, ""payoff"": -3997.5999999999995}, {""current_slot"": 3, ""name"": 3, ""ctr"": 0, ""revenue"": 0, ""bid"": 31.04, ""vfc"": 30, ""cost"": 0, ""payoff"": 0}]}"
1,1,3,1417719958166200974,1417719958156,_at_barrier,_tick_24_1
1,1,2,1417719958218610135,1417719958188,_at_barrier,_tick_24_1
1,1,4,1417719958219721736,1417719958204,_at_barrier,_tick_24_1
1,1,1,1417719958227002930,1417719958204,_at_barrier,_tick_24_1
1,1,1,1417719958270278994,1417719958261,sync_time,"{""t"": 25}"
1,1,1,1417719958287328374,1417719958261,sync_net,"{""tmp"": [{""current_slot"": 0, ""name"": 4, ""ctr"": 400, ""revenue"": 16000, ""bid"": 47.55, ""vfc"": 40, ""cost"": 14108.099999999999, ""payoff"": 1891.9000000000015}, {""current_slot"": 1, ""name"": 2, ""ctr"": 380, ""revenue"": 7600, ""bid"": 42.97, ""vfc"": 20, ""cost"": 13248.699999999999, ""payoff"": -5648.699999999999}, {""current_slot"": 2, ""name"": 1, ""ctr"": 190, ""revenue"": 1900, ""bid"": 38.69, ""vfc"": 10, ""cost"": 5897.599999999999, ""payoff"": -3997.5999999999995}, {""current_slot"": 3, ""name"": 3, ""ctr"": 0, ""revenue"": 0, ""bid"": 31.04, ""vfc"": 30, ""cost"": 0, ""payoff"": 0}]}"
1,1,3,1417719959269251646,1417719959259,_at_barrier,_tick_25_1
1,1,4,1417719959290638159,1417719959283,_at_barrier,_tick_25_1
1,1,2,1417719959292807075,1417719959283,_at_barrier,_tick_25_1
1,1,1,1417719959293005184,1417719959283,_at_barrier,_tick_25_1
1,1,1,1417719959330794205,1417719959324,sync_time,"{""t"": 26}"
1,1,1,1417719959340335074,1417719959324,sync_net,"{""tmp"": [{""current_slot"": 0, ""name"": 4, ""ctr"": 400, ""revenue"": 16000, ""bid"": 47.55, ""vfc"": 40, ""cost"": 14108.099999999999, ""payoff"": 1891.9000000000015}, {""current_slot"": 1, ""name"": 2, ""ctr"": 380, ""revenue"": 7600, ""bid"": 42.97, ""vfc"": 20, ""cost"": 13248.699999999999, ""payoff"": -5648.699999999999}, {""current_slot"": 2, ""name"": 1, ""ctr"": 190, ""revenue"": 1900, ""bid"": 38.69, ""vfc"": 10, ""cost"": 5897.599999999999, ""payoff"": -3997.5999999999995}, {""current_slot"": 3, ""name"": 3, ""ctr"": 0, ""revenue"": 0, ""bid"": 31.04, ""vfc"": 30, ""cost"": 0, ""payoff"": 0}]}"
1,1,3,1417719960335009911,1417719960323,_at_barrier,_tick_26_1
1,1,2,1417719960357122049,1417719960349,_at_barrier,_tick_26_1
1,1,4,1417719960359053618,1417719960349,_at_barrier,_tick_26_1
1,1,1,1417719960359282301,1417719960350,_at_barrier,_tick_26_1
1,1,1,1417719960400653576,1417719960393,sync_time,"{""t"": 27}"
1,1,1,1417719960401155848,1417719960393,sync_net,"{""tmp"": [{""current_slot"": 0, ""name"": 4, ""ctr"": 400, ""revenue"": 16000, ""bid"": 47.55, ""vfc"": 40, ""cost"": 14108.099999999999, ""payoff"": 1891.9000000000015}, {""current_slot"": 1, ""name"": 2, ""ctr"": 380, ""revenue"": 7600, ""bid"": 42.97, ""vfc"": 20, ""cost"": 13248.699999999999, ""payoff"": -5648.699999999999}, {""current_slot"": 2, ""name"": 1, ""ctr"": 190, ""revenue"": 1900, ""bid"": 38.69, ""vfc"": 10, ""cost"": 5897.599999999999, ""payoff"": -3997.5999999999995}, {""current_slot"": 3, ""name"": 3, ""ctr"": 0, ""revenue"": 0, ""bid"": 31.04, ""vfc"": 30, ""cost"": 0, ""payoff"": 0}]}"
1,1,3,1417719961407312255,1417719961396,_at_barrier,_tick_27_1
1,1,1,1417719961428369478,1417719961421,_at_barrier,_tick_27_1
1,1,4,1417719961430858608,1417719961423,_at_barrier,_tick_27_1
1,1,2,1417719961430947394,1417719961423,_at_barrier,_tick_27_1
1,1,1,1417719961475854922,1417719961467,sync_time,"{""t"": 28}"
1,1,1,1417719961476084616,1417719961467,sync_net,"{""tmp"": [{""current_slot"": 0, ""name"": 4, ""ctr"": 400, ""revenue"": 16000, ""bid"": 47.55, ""vfc"": 40, ""cost"": 14108.099999999999, ""payoff"": 1891.9000000000015}, {""current_slot"": 1, ""name"": 2, ""ctr"": 380, ""revenue"": 7600, ""bid"": 42.97, ""vfc"": 20, ""cost"": 13248.699999999999, ""payoff"": -5648.699999999999}, {""current_slot"": 2, ""name"": 1, ""ctr"": 190, ""revenue"": 1900, ""bid"": 38.69, ""vfc"": 10, ""cost"": 5897.599999999999, ""payoff"": -3997.5999999999995}, {""current_slot"": 3, ""name"": 3, ""ctr"": 0, ""revenue"": 0, ""bid"": 31.04, ""vfc"": 30, ""cost"": 0, ""payoff"": 0}]}"
1,1,3,1417719962475053685,1417719962468,_at_barrier,_tick_28_1
1,1,1,1417719962499018494,1417719962491,_at_barrier,_tick_28_1
1,1,2,1417719962499127113,1417719962492,_at_barrier,_tick_28_1
1,1,4,1417719962509358073,1417719962492,_at_barrier,_tick_28_1
1,1,1,1417719962552912803,1417719962545,sync_time,"{""t"": 29}"
1,1,1,1417719962562797206,1417719962545,sync_net,"{""tmp"": [{""current_slot"": 0, ""name"": 4, ""ctr"": 400, ""revenue"": 16000, ""bid"": 47.55, ""vfc"": 40, ""cost"": 14108.099999999999, ""payoff"": 1891.9000000000015}, {""current_slot"": 1, ""name"": 2, ""ctr"": 380, ""revenue"": 7600, ""bid"": 42.97, ""vfc"": 20, ""cost"": 13248.699999999999, ""payoff"": -5648.699999999999}, {""current_slot"": 2, ""name"": 1, ""ctr"": 190, ""revenue"": 1900, ""bid"": 38.69, ""vfc"": 10, ""cost"": 5897.599999999999, ""payoff"": -3997.5999999999995}, {""current_slot"": 3, ""name"": 3, ""ctr"": 0, ""revenue"": 0, ""bid"": 31.04, ""vfc"": 30, ""cost"": 0, ""payoff"": 0}]}"
1,1,3,1417719963548588072,1417719963537,_at_barrier,_tick_29_1
1,1,4,1417719963570191553,1417719963563,_at_barrier,_tick_29_1
1,1,2,1417719963570911232,1417719963563,_at_barrier,_tick_29_1
1,1,1,1417719963580899966,1417719963563,_at_barrier,_tick_29_1
1,1,1,1417719963616805674,1417719963609,sync_time,"{""t"": 30}"
1,1,1,1417719963617290443,1417719963609,sync_net,"{""tmp"": [{""current_slot"": 0, ""name"": 4, ""ctr"": 400, ""revenue"": 16000, ""bid"": 47.55, ""vfc"": 40, ""cost"": 14108.099999999999, ""payoff"": 1891.9000000000015}, {""current_slot"": 1, ""name"": 2, ""ctr"": 380, ""revenue"": 7600, ""bid"": 42.97, ""vfc"": 20, ""cost"": 13248.699999999999, ""payoff"": -5648.699999999999}, {""current_slot"": 2, ""name"": 1, ""ctr"": 190, ""revenue"": 1900, ""bid"": 38.69, ""vfc"": 10, ""cost"": 5897.599999999999, ""payoff"": -3997.5999999999995}, {""current_slot"": 3, ""name"": 3, ""ctr"": 0, ""revenue"": 0, ""bid"": 31.04, ""vfc"": 30, ""cost"": 0, ""payoff"": 0}]}"
1,1,4,1417719963617618104,1417719963609,new_period,
1,1,1,1417719963618460951,1417719963609,new_period,
1,1,3,1417719963623898486,1417719963610,new_period,
1,1,2,1417719963636983375,1417719963612,new_period,
1,1,3,1417719963642533799,1417719963633,__set_points__,"{""points"": 570, ""period"": 1}"
1,1,2,1417719963642785178,1417719963633,__set_points__,"{""points"": -2496, ""period"": 1}"
1,1,1,1417719963643136689,1417719963633,__set_points__,"{""points"": -1835, ""period"": 1}"
1,1,4,1417719963644369877,1417719963634,__set_points__,"{""points"": 1200, ""period"": 1}"
1,1,3,1417719963649711819,1417719963638,__set_points__,"{""points"": 570, ""period"": 1}"
1,1,1,1417719963650013043,1417719963639,__set_points__,"{""points"": -1835, ""period"": 1}"
1,1,4,1417719963650357660,1417719963638,__set_points__,"{""points"": 1200, ""period"": 1}"
1,1,2,1417719963650693371,1417719963638,__set_points__,"{""points"": -2496, ""period"": 1}"
1,1,2,1417719963651238361,1417719963639,__set_points__,"{""points"": -2496, ""period"": 1}"
1,1,3,1417719963658677684,1417719963651,__set_points__,"{""points"": 570, ""period"": 1}"
1,1,1,1417719963660711609,1417719963652,__set_points__,"{""points"": -1835, ""period"": 1}"
1,1,4,1417719963660915645,1417719963651,__set_points__,"{""points"": 1200, ""period"": 1}"
1,0,3,1417719968647823891,1417719968639,_next_period,
1,0,3,1417719968655590048,1417719968639,_next_period,
1,0,3,1417719968662022743,1417719968654,_next_period,
0,1,3,1417719968669422203,1417719968662,_accumulated_points,570
2,0,3,1417719968671529378,1417719968663,__set_period__,"{""period"": 2}"
0,1,3,1417719968677273951,1417719968670,_accumulated_points,570
2,0,3,1417719968677640875,1417719968670,__set_period__,"{""period"": 2}"
0,1,3,1417719968684249839,1417719968676,_accumulated_points,570
2,0,3,1417719968684614057,1417719968676,__set_period__,"{""period"": 2}"
2,0,3,1417719968695754502,1417719968686,__set_page__,"{""page"": ""Start""}"
2,0,3,1417719968700621004,1417719968692,__set_page__,"{""page"": ""Start""}"
2,0,3,1417719968716330741,1417719968699,__set_page__,"{""page"": ""Start""}"
1,0,1,1417719969113362552,1417719969096,_next_period,
1,0,2,1417719969113825244,1417719969096,_next_period,
1,0,4,1417719969114153501,1417719969096,_next_period,
1,0,1,1417719969114434555,1417719969096,_next_period,
1,0,2,1417719969114715822,1417719969096,_next_period,
1,0,4,1417719969114991111,1417719969096,_next_period,
1,0,1,1417719969115273659,1417719969096,_next_period,
1,0,2,1417719969115549062,1417719969096,_next_period,
1,0,4,1417719969115804181,1417719969096,_next_period,
0,1,1,1417719969142757507,1417719969128,_accumulated_points,-1835
0,1,2,1417719969142967786,1417719969129,_accumulated_points,-2496
2,0,1,1417719969143318831,1417719969128,__set_period__,"{""period"": 2}"
2,0,2,1417719969143828040,1417719969130,__set_period__,"{""period"": 2}"
0,1,1,1417719969145219457,1417719969135,_accumulated_points,-1835
0,1,4,1417719969145415703,1417719969134,_accumulated_points,1200
2,0,1,1417719969145751643,1417719969135,__set_period__,"{""period"": 2}"
2,0,4,1417719969146234903,1417719969135,__set_period__,"{""period"": 2}"
0,1,2,1417719969148963072,1417719969135,_accumulated_points,-2496
0,1,4,1417719969149206889,1417719969135,_accumulated_points,1200
0,1,1,1417719969149536919,1417719969135,_accumulated_points,-1835
2,0,2,1417719969149863310,1417719969135,__set_period__,"{""period"": 2}"
2,0,4,1417719969150330892,1417719969135,__set_period__,"{""period"": 2}"
2,0,1,1417719969150840149,1417719969135,__set_period__,"{""period"": 2}"
0,1,2,1417719969151345728,1417719969135,_accumulated_points,-2496
0,1,4,1417719969151651188,1417719969136,_accumulated_points,1200
2,0,2,1417719969151973978,1417719969136,__set_period__,"{""period"": 2}"
2,0,4,1417719969152462298,1417719969136,__set_period__,"{""period"": 2}"
2,0,3,1417719969164544611,1417719969149,__page_loaded__,
2,0,1,1417719969164756993,1417719969159,__set_page__,"{""page"": ""Start""}"
2,0,2,1417719969169256435,1417719969159,__set_page__,"{""page"": ""Start""}"
2,0,1,1417719969169605059,1417719969162,__set_page__,"{""page"": ""Start""}"
2,0,4,1417719969172603735,1417719969162,__set_page__,"{""page"": ""Start""}"
2,0,2,1417719969172948409,1417719969167,__set_page__,"{""page"": ""Start""}"
2,0,4,1417719969177086609,1417719969167,__set_page__,"{""page"": ""Start""}"
2,0,2,1417719969177464334,1417719969169,__set_page__,"{""page"": ""Start""}"
2,0,1,1417719969177960187,1417719969168,__set_page__,"{""page"": ""Start""}"
2,0,4,1417719969178406978,1417719969169,__set_page__,"{""page"": ""Start""}"
2,0,1,1417719971229058089,1417719971213,__page_loaded__,
2,0,4,1417719971303963465,1417719971277,__page_loaded__,
2,0,2,1417719971343196457,1417719971328,__page_loaded__,
2,1,3,1417719971365464390,1417719971358,_at_barrier,_on_load_2
2,1,4,1417719971366295317,1417719971358,_at_barrier,_on_load_2
2,1,2,1417719971366571816,1417719971359,_at_barrier,_on_load_2
2,1,1,1417719971366853290,1417719971358,_at_barrier,_on_load_2
2,1,3,1417719971396603914,1417719971389,config,{}
2,1,4,1417719971396810842,1417719971389,config,{}
2,1,2,1417719971398565111,1417719971390,config,{}
2,1,1,1417719971398759720,1417719971391,config,{}
2,1,3,1417719971472780162,1417719971466,setup,"{""chosen"": true, ""time_keeper"": ""1""}"
2,1,4,1417719971474191343,1417719971466,setup,"{""chosen"": true, ""time_keeper"": ""1""}"
2,1,2,1417719971474898412,1417719971468,setup,"{""chosen"": true, ""time_keeper"": ""1""}"
2,1,1,1417719971485310441,1417719971469,setup,"{""chosen"": true, ""time_keeper"": ""1""}"
2,1,3,1417719971504140079,1417719971496,setup,"{""chosen"": true, ""time_keeper"": ""1""}"
2,1,4,1417719971506502564,1417719971500,setup,"{""chosen"": true, ""time_keeper"": ""1""}"
2,1,1,1417719971511300432,1417719971502,setup,"{""chosen"": true, ""time_keeper"": ""1""}"
2,1,2,1417719971511498121,1417719971501,setup,"{""chosen"": true, ""time_keeper"": ""1""}"
2,1,3,1417719971527297482,1417719971517,setup,"{""chosen"": true, ""time_keeper"": ""1""}"
2,1,4,1417719971534268066,1417719971527,setup,"{""chosen"": true, ""time_keeper"": ""1""}"
2,1,2,1417719971535829509,1417719971527,setup,"{""chosen"": true, ""time_keeper"": ""1""}"
2,1,1,1417719971545881117,1417719971531,setup,"{""chosen"": true, ""time_keeper"": ""1""}"
2,1,3,1417719972401392097,1417719972391,_at_barrier,_tick_0_2
2,1,2,1417719972423176900,1417719972416,_at_barrier,_tick_0_2
2,1,1,1417719972425122460,1417719972416,_at_barrier,_tick_0_2
2,1,4,1417719972425337157,1417719972416,_at_barrier,_tick_0_2
2,1,1,1417719972471343187,1417719972464,sync_time,"{""t"": 1}"
2,1,1,1417719972471837909,1417719972464,sync_net,"{""tmp"": [{""current_slot"": -1, ""name"": 1, ""ctr"": 190, ""revenue"": 8930, ""bid"": 0, ""vfc"": 47, ""cost"": 0, ""payoff"": 8930}, {""current_slot"": -1, ""name"": 2, ""ctr"": 380, ""revenue"": 17100, ""bid"": 0, ""vfc"": 45, ""cost"": 0, ""payoff"": 17100}, {""current_slot"": -1, ""name"": 3, ""ctr"": 400, ""revenue"": 16000, ""bid"": 0, ""vfc"": 40, ""cost"": 0, ""payoff"": 16000}, {""current_slot"": -1, ""name"": 4, ""ctr"": 1, ""revenue"": 37, ""bid"": 0, ""vfc"": 37, ""cost"": 0, ""payoff"": 37}]}"
2,1,3,1417719972862214011,1417719972851,replace_bids,"{""id"": ""3"", ""new_bid"": ""3.52""}"
2,1,3,1417719972862681827,1417719972851,replace_my_bid,"{""id"": ""3"", ""new_bid"": ""3.52""}"
2,1,3,1417719972892665214,1417719972885,replace_bids,"{""id"": ""3"", ""new_bid"": ""18.50""}"
2,1,3,1417719972901603612,1417719972885,replace_my_bid,"{""id"": ""3"", ""new_bid"": ""18.50""}"
2,1,3,1417719972929390791,1417719972918,replace_bids,"{""id"": ""3"", ""new_bid"": ""29.20""}"
2,1,3,1417719972929823074,1417719972918,replace_my_bid,"{""id"": ""3"", ""new_bid"": ""29.20""}"
2,1,3,1417719972960575042,1417719972952,replace_bids,"{""id"": ""3"", ""new_bid"": ""36.24""}"
2,1,3,1417719972960990231,1417719972952,replace_my_bid,"{""id"": ""3"", ""new_bid"": ""36.24""}"
2,1,3,1417719972994265034,1417719972985,replace_bids,"{""id"": ""3"", ""new_bid"": ""41.74""}"
2,1,3,1417719972994683145,1417719972985,replace_my_bid,"{""id"": ""3"", ""new_bid"": ""41.74""}"
2,1,3,1417719973033104187,1417719973019,replace_bids,"{""id"": ""3"", ""new_bid"": ""45.11""}"
2,1,3,1417719973033662487,1417719973019,replace_my_bid,"{""id"": ""3"", ""new_bid"": ""45.11""}"
2,1,3,1417719973059946235,1417719973053,replace_bids,"{""id"": ""3"", ""new_bid"": ""46.64""}"
2,1,3,1417719973068629130,1417719973053,replace_my_bid,"{""id"": ""3"", ""new_bid"": ""46.64""}"
2,1,3,1417719973095692345,1417719973087,replace_bids,"{""id"": ""3"", ""new_bid"": ""47.25""}"
2,1,3,1417719973096115887,1417719973087,replace_my_bid,"{""id"": ""3"", ""new_bid"": ""47.25""}"
2,1,3,1417719973474399386,1417719973466,_at_barrier,_tick_1_2
2,1,4,1417719973498567234,1417719973489,_at_barrier,_tick_1_2
2,1,1,1417719973498805354,1417719973489,_at_barrier,_tick_1_2
2,1,2,1417719973499097145,1417719973489,_at_barrier,_tick_1_2
2,1,1,1417719973543902600,1417719973536,sync_time,"{""t"": 2}"
2,1,1,1417719973552207831,1417719973536,sync_net,"{""tmp"": [{""current_slot"": -1, ""name"": 1, ""ctr"": 190, ""revenue"": 8930, ""bid"": 0, ""vfc"": 47, ""cost"": -945, ""payoff"": 9875}, {""current_slot"": -1, ""name"": 2, ""ctr"": 380, ""revenue"": 17100, ""bid"": 0, ""vfc"": 45, ""cost"": -945, ""payoff"": 18045}, {""current_slot"": -1, ""name"": 3, ""ctr"": 400, ""revenue"": 16000, ""bid"": 47.25, ""vfc"": 40, ""cost"": 0, ""payoff"": 16000}, {""current_slot"": -1, ""name"": 4, ""ctr"": 1, ""revenue"": 37, ""bid"": 0, ""vfc"": 37, ""cost"": 0, ""payoff"": 37}]}"
2,1,3,1417719974539907957,1417719974530,_at_barrier,_tick_2_2
2,1,1,1417719974567371476,1417719974554,_at_barrier,_tick_2_2
2,1,2,1417719974567534581,1417719974554,_at_barrier,_tick_2_2
2,1,4,1417719974577357356,1417719974555,_at_barrier,_tick_2_2
2,1,1,1417719974616427343,1417719974608,sync_time,"{""t"": 3}"
2,1,1,1417719974616671395,1417719974609,sync_net,"{""tmp"": [{""current_slot"": -1, ""name"": 1, ""ctr"": 190, ""revenue"": 8930, ""bid"": 0, ""vfc"": 47, ""cost"": -945, ""payoff"": 9875}, {""current_slot"": -1, ""name"": 2, ""ctr"": 380, ""revenue"": 17100, ""bid"": 0, ""vfc"": 45, ""cost"": -945, ""payoff"": 18045}, {""current_slot"": -1, ""name"": 3, ""ctr"": 400, ""revenue"": 16000, ""bid"": 47.25, ""vfc"": 40, ""cost"": 0, ""payoff"": 16000}, {""current_slot"": -1, ""name"": 4, ""ctr"": 1, ""revenue"": 37, ""bid"": 0, ""vfc"": 37, ""cost"": 0, ""payoff"": 37}]}"
2,1,1,1417719975617658700,1417719975610,_at_barrier,_tick_3_2
2,1,2,1417719975641730381,1417719975633,_at_barrier,_tick_3_2
2,1,3,1417719975641983481,1417719975633,_at_barrier,_tick_3_2
2,1,4,1417719975642298728,1417719975632,_at_barrier,_tick_3_2
2,1,1,1417719975678308794,1417719975671,sync_time,"{""t"": 4}"
2,1,1,1417719975685498207,1417719975671,sync_net,"{""tmp"": [{""current_slot"": -1, ""name"": 1, ""ctr"": 190, ""revenue"": 8930, ""bid"": 0, ""vfc"": 47, ""cost"": -945, ""payoff"": 9875}, {""current_slot"": -1, ""name"": 2, ""ctr"": 380, ""revenue"": 17100, ""bid"": 0, ""vfc"": 45, ""cost"": -945, ""payoff"": 18045}, {""current_slot"": -1, ""name"": 3, ""ctr"": 400, ""revenue"": 16000, ""bid"": 47.25, ""vfc"": 40, ""cost"": 0, ""payoff"": 16000}, {""current_slot"": -1, ""name"": 4, ""ctr"": 1, ""revenue"": 37, ""bid"": 0, ""vfc"": 37, ""cost"": 0, ""payoff"": 37}]}"
2,1,1,1417719975805184313,1417719975796,replace_bids,"{""id"": ""1"", ""new_bid"": ""0.15""}"
2,1,1,1417719975813411346,1417719975796,replace_my_bid,"{""id"": ""1"", ""new_bid"": ""0.15""}"
2,1,1,1417719975835824871,1417719975829,replace_bids,"{""id"": ""1"", ""new_bid"": ""14.83""}"
2,1,1,1417719975838488623,1417719975829,replace_my_bid,"{""id"": ""1"", ""new_bid"": ""14.83""}"
2,1,1,1417719975872020795,1417719975863,replace_bids,"{""id"": ""1"", ""new_bid"": ""37.77""}"
2,1,1,1417719975880795832,1417719975864,replace_my_bid,"{""id"": ""1"", ""new_bid"": ""37.77""}"
2,1,1,1417719975906113015,1417719975898,replace_bids,"{""id"": ""1"", ""new_bid"": ""48.47""}"
2,1,1,1417719975906570624,1417719975898,replace_my_bid,"{""id"": ""1"", ""new_bid"": ""48.47""}"
2,1,1,1417719975943534871,1417719975936,replace_bids,"{""id"": ""1"", ""new_bid"": ""50.31""}"
2,1,1,1417719975952106179,1417719975936,replace_my_bid,"{""id"": ""1"", ""new_bid"": ""50.31""}"
2,1,1,1417719975979724379,1417719975973,replace_bids,"{""id"": ""1"", ""new_bid"": ""50.61""}"
2,1,1,1417719975987785121,1417719975973,replace_my_bid,"{""id"": ""1"", ""new_bid"": ""50.61""}"
2,1,1,1417719976010960017,1417719976006,replace_bids,"{""id"": ""1"", ""new_bid"": ""53.06""}"
2,1,1,1417719976015234066,1417719976006,replace_my_bid,"{""id"": ""1"", ""new_bid"": ""53.06""}"
2,1,1,1417719976049043332,1417719976041,replace_bids,"{""id"": ""1"", ""new_bid"": ""55.81""}"
2,1,1,1417719976049617722,1417719976041,replace_my_bid,"{""id"": ""1"", ""new_bid"": ""55.81""}"
2,1,1,1417719976082233267,1417719976075,replace_bids,"{""id"": ""1"", ""new_bid"": ""57.34""}"
2,1,1,1417719976090654689,1417719976075,replace_my_bid,"{""id"": ""1"", ""new_bid"": ""57.34""}"
2,1,1,1417719976682960841,1417719976672,_at_barrier,_tick_4_2
2,1,2,1417719976706065191,1417719976697,_at_barrier,_tick_4_2
2,1,4,1417719976708014215,1417719976698,_at_barrier,_tick_4_2
2,1,3,1417719976708211177,1417719976698,_at_barrier,_tick_4_2
2,1,1,1417719976745125004,1417719976737,sync_time,"{""t"": 5}"
2,1,1,1417719976745602494,1417719976737,sync_net,"{""tmp"": [{""current_slot"": 0, ""name"": 1, ""ctr"": 400, ""revenue"": 18800, ""bid"": 57.34, ""vfc"": 47, ""cost"": 945, ""payoff"": 17855}, {""current_slot"": 1, ""name"": 3, ""ctr"": 380, ""revenue"": 15200, ""bid"": 47.25, ""vfc"": 40, ""cost"": 0, ""payoff"": 15200}, {""current_slot"": 2, ""name"": 2, ""ctr"": 190, ""revenue"": 8550, ""bid"": 0, ""vfc"": 45, ""cost"": 0, ""payoff"": 8550}, {""current_slot"": 3, ""name"": 4, ""ctr"": 0, ""revenue"": 0, ""bid"": 0, ""vfc"": 37, ""cost"": 0, ""payoff"": 0}]}"
2,1,1,1417719977748811311,1417719977738,_at_barrier,_tick_5_2
2,1,2,1417719977770973602,1417719977763,_at_barrier,_tick_5_2
2,1,3,1417719977771188268,1417719977763,_at_barrier,_tick_5_2
2,1,4,1417719977780420726,1417719977763,_at_barrier,_tick_5_2
2,1,1,1417719977818237031,1417719977811,sync_time,"{""t"": 6}"
2,1,1,1417719977826905906,1417719977811,sync_net,"{""tmp"": [{""current_slot"": 0, ""name"": 1, ""ctr"": 400, ""revenue"": 18800, ""bid"": 57.34, ""vfc"": 47, ""cost"": 945, ""payoff"": 17855}, {""current_slot"": 1, ""name"": 3, ""ctr"": 380, ""revenue"": 15200, ""bid"": 47.25, ""vfc"": 40, ""cost"": 0, ""payoff"": 15200}, {""current_slot"": 2, ""name"": 2, ""ctr"": 190, ""revenue"": 8550, ""bid"": 0, ""vfc"": 45, ""cost"": 0, ""payoff"": 8550}, {""current_slot"": 3, ""name"": 4, ""ctr"": 0, ""revenue"": 0, ""bid"": 0, ""vfc"": 37, ""cost"": 0, ""payoff"": 0}]}"
2,1,2,1417719978823999269,1417719978812,_at_barrier,_tick_6_2
2,1,3,1417719978848307719,1417719978838,_at_barrier,_tick_6_2
2,1,1,1417719978848455573,1417719978838,_at_barrier,_tick_6_2
2,1,4,1417719978848605820,1417719978839,_at_barrier,_tick_6_2
2,1,1,1417719978895123842,1417719978887,sync_time,"{""t"": 7}"
2,1,1,1417719978904039994,1417719978887,sync_net,"{""tmp"": [{""current_slot"": 0, ""name"": 1, ""ctr"": 400, ""revenue"": 18800, ""bid"": 57.34, ""vfc"": 47, ""cost"": 945, ""payoff"": 17855}, {""current_slot"": 1, ""name"": 3, ""ctr"": 380, ""revenue"": 15200, ""bid"": 47.25, ""vfc"": 40, ""cost"": 0, ""payoff"": 15200}, {""current_slot"": 2, ""name"": 2, ""ctr"": 190, ""revenue"": 8550, ""bid"": 0, ""vfc"": 45, ""cost"": 0, ""payoff"": 8550}, {""current_slot"": 3, ""name"": 4, ""ctr"": 0, ""revenue"": 0, ""bid"": 0, ""vfc"": 37, ""cost"": 0, ""payoff"": 0}]}"
2,1,2,1417719979438599233,1417719979428,replace_bids,"{""id"": ""2"", ""new_bid"": ""0.15""}"
2,1,2,1417719979439164202,1417719979428,replace_my_bid,"{""id"": ""2"", ""new_bid"": ""0.15""}"
2,1,2,1417719979596806724,1417719979589,replace_bids,"{""id"": ""2"", ""new_bid"": ""1.99""}"
2,1,2,1417719979603679674,1417719979589,replace_my_bid,"{""id"": ""2"", ""new_bid"": ""1.99""}"
2,1,2,1417719979631120906,1417719979624,replace_bids,"{""id"": ""2"", ""new_bid"": ""21.25""}"
2,1,2,1417719979642756560,1417719979624,replace_my_bid,"{""id"": ""2"", ""new_bid"": ""21.25""}"
2,1,2,1417719979666455187,1417719979660,replace_bids,"{""id"": ""2"", ""new_bid"": ""44.80""}"
2,1,2,1417719979667881011,1417719979660,replace_my_bid,"{""id"": ""2"", ""new_bid"": ""44.80""}"
2,1,2,1417719979699935286,1417719979692,replace_bids,"{""id"": ""2"", ""new_bid"": ""63.76""}"
2,1,2,1417719979706913307,1417719979692,replace_my_bid,"{""id"": ""2"", ""new_bid"": ""63.76""}"
2,1,2,1417719979734365883,1417719979727,replace_bids,"{""id"": ""2"", ""new_bid"": ""70.18""}"
2,1,2,1417719979742396700,1417719979727,replace_my_bid,"{""id"": ""2"", ""new_bid"": ""70.18""}"
2,1,2,1417719979769479178,1417719979762,replace_bids,"{""id"": ""2"", ""new_bid"": ""71.41""}"
2,1,2,1417719979777881543,1417719979762,replace_my_bid,"{""id"": ""2"", ""new_bid"": ""71.41""}"
2,1,2,1417719979891863952,1417719979881,_at_barrier,_tick_7_2
2,1,2,1417719979902270339,1417719979896,replace_bids,"{""id"": ""2"", ""new_bid"": ""71.41""}"
2,1,2,1417719979909237090,1417719979896,replace_my_bid,"{""id"": ""2"", ""new_bid"": ""71.41""}"
2,1,4,1417719979916226201,1417719979906,_at_barrier,_tick_7_2
2,1,1,1417719979916504954,1417719979906,_at_barrier,_tick_7_2
2,1,3,1417719979916786161,1417719979906,_at_barrier,_tick_7_2
2,1,2,1417719979937981138,1417719979930,replace_bids,"{""id"": ""2"", ""new_bid"": ""70.80""}"
2,1,2,1417719979938400683,1417719979930,replace_my_bid,"{""id"": ""2"", ""new_bid"": ""70.80""}"
2,1,1,1417719979954406483,1417719979946,sync_time,"{""t"": 8}"
2,1,1,1417719979959123464,1417719979946,sync_net,"{""tmp"": [{""current_slot"": 0, ""name"": 2, ""ctr"": 400, ""revenue"": 18000, ""bid"": 71.41, ""vfc"": 45, ""cost"": 10124.3, ""payoff"": 7875.700000000001}, {""current_slot"": 1, ""name"": 1, ""ctr"": 380, ""revenue"": 17860, ""bid"": 57.34, ""vfc"": 47, ""cost"": 8977.5, ""payoff"": 8882.5}, {""current_slot"": 2, ""name"": 3, ""ctr"": 190, ""revenue"": 7600, ""bid"": 47.25, ""vfc"": 40, ""cost"": 0, ""payoff"": 7600}, {""current_slot"": 3, ""name"": 4, ""ctr"": 0, ""revenue"": 0, ""bid"": 0, ""vfc"": 37, ""cost"": 0, ""payoff"": 0}]}"
2,1,2,1417719979973774271,1417719979963,replace_bids,"{""id"": ""2"", ""new_bid"": ""70.18""}"
2,1,2,1417719979974166469,1417719979963,replace_my_bid,"{""id"": ""2"", ""new_bid"": ""70.18""}"
2,1,2,1417719980007817216,1417719979998,replace_bids,"{""id"": ""2"", ""new_bid"": ""68.65""}"
2,1,2,1417719980008220008,1417719979998,replace_my_bid,"{""id"": ""2"", ""new_bid"": ""68.65""}"
2,1,2,1417719980039293530,1417719980032,replace_bids,"{""id"": ""2"", ""new_bid"": ""68.35""}"
2,1,2,1417719980048143981,1417719980032,replace_my_bid,"{""id"": ""2"", ""new_bid"": ""68.35""}"
2,1,2,1417719980965568423,1417719980954,_at_barrier,_tick_8_2
2,1,3,1417719980989600218,1417719980981,_at_barrier,_tick_8_2
2,1,4,1417719980992019054,1417719980981,_at_barrier,_tick_8_2
2,1,1,1417719980992218414,1417719980981,_at_barrier,_tick_8_2
2,1,1,1417719981037121837,1417719981028,sync_time,"{""t"": 9}"
2,1,1,1417719981037738325,1417719981028,sync_net,"{""tmp"": [{""current_slot"": 0, ""name"": 2, ""ctr"": 400, ""revenue"": 18000, ""bid"": 68.35, ""vfc"": 45, ""cost"": 10124.3, ""payoff"": 7875.700000000001}, {""current_slot"": 1, ""name"": 1, ""ctr"": 380, ""revenue"": 17860, ""bid"": 57.34, ""vfc"": 47, ""cost"": 8977.5, ""payoff"": 8882.5}, {""current_slot"": 2, ""name"": 3, ""ctr"": 190, ""revenue"": 7600, ""bid"": 47.25, ""vfc"": 40, ""cost"": 0, ""payoff"": 7600}, {""current_slot"": 3, ""name"": 4, ""ctr"": 0, ""revenue"": 0, ""bid"": 0, ""vfc"": 37, ""cost"": 0, ""payoff"": 0}]}"
2,1,2,1417719982031188530,1417719982021,_at_barrier,_tick_9_2
2,1,4,1417719982052053610,1417719982045,_at_barrier,_tick_9_2
2,1,1,1417719982055229165,1417719982045,_at_barrier,_tick_9_2
2,1,3,1417719982055329580,1417719982045,_at_barrier,_tick_9_2
2,1,1,1417719982094301704,1417719982087,sync_time,"{""t"": 10}"
2,1,1,1417719982104450620,1417719982087,sync_net,"{""tmp"": [{""current_slot"": 0, ""name"": 2, ""ctr"": 400, ""revenue"": 18000, ""bid"": 68.35, ""vfc"": 45, ""cost"": 10124.3, ""payoff"": 7875.700000000001}, {""current_slot"": 1, ""name"": 1, ""ctr"": 380, ""revenue"": 17860, ""bid"": 57.34, ""vfc"": 47, ""cost"": 8977.5, ""payoff"": 8882.5}, {""current_slot"": 2, ""name"": 3, ""ctr"": 190, ""revenue"": 7600, ""bid"": 47.25, ""vfc"": 40, ""cost"": 0, ""payoff"": 7600}, {""current_slot"": 3, ""name"": 4, ""ctr"": 0, ""revenue"": 0, ""bid"": 0, ""vfc"": 37, ""cost"": 0, ""payoff"": 0}]}"
2,1,4,1417719983122434456,1417719983087,_at_barrier,_tick_10_2
2,1,2,1417719983144025651,1417719983114,_at_barrier,_tick_10_2
2,1,3,1417719983145425358,1417719983138,_at_barrier,_tick_10_2
2,1,1,1417719983148993941,1417719983138,_at_barrier,_tick_10_2
2,1,1,1417719983184669386,1417719983176,sync_time,"{""t"": 11}"
2,1,1,1417719983193680452,1417719983176,sync_net,"{""tmp"": [{""current_slot"": 0, ""name"": 2, ""ctr"": 400, ""revenue"": 18000, ""bid"": 68.35, ""vfc"": 45, ""cost"": 10124.3, ""payoff"": 7875.700000000001}, {""current_slot"": 1, ""name"": 1, ""ctr"": 380, ""revenue"": 17860, ""bid"": 57.34, ""vfc"": 47, ""cost"": 8977.5, ""payoff"": 8882.5}, {""current_slot"": 2, ""name"": 3, ""ctr"": 190, ""revenue"": 7600, ""bid"": 47.25, ""vfc"": 40, ""cost"": 0, ""payoff"": 7600}, {""current_slot"": 3, ""name"": 4, ""ctr"": 0, ""revenue"": 0, ""bid"": 0, ""vfc"": 37, ""cost"": 0, ""payoff"": 0}]}"
2,1,4,1417719983536833769,1417719983527,replace_bids,"{""id"": ""4"", ""new_bid"": ""1.38""}"
2,1,4,1417719983544339453,1417719983527,replace_my_bid,"{""id"": ""4"", ""new_bid"": ""1.38""}"
2,1,4,1417719983685036206,1417719983677,replace_bids,"{""id"": ""4"", ""new_bid"": ""3.21""}"
2,1,4,1417719983685484375,1417719983677,replace_my_bid,"{""id"": ""4"", ""new_bid"": ""3.21""}"
2,1,4,1417719983722716639,1417719983715,replace_bids,"{""id"": ""4"", ""new_bid"": ""15.44""}"
2,1,4,1417719983731427275,1417719983715,replace_my_bid,"{""id"": ""4"", ""new_bid"": ""15.44""}"
2,1,4,1417719983753667177,1417719983748,replace_bids,"{""id"": ""4"", ""new_bid"": ""31.04""}"
2,1,4,1417719983756872966,1417719983748,replace_my_bid,"{""id"": ""4"", ""new_bid"": ""31.04""}"
2,1,4,1417719983789855715,1417719983783,replace_bids,"{""id"": ""4"", ""new_bid"": ""37.16""}"
2,1,4,1417719983799718135,1417719983783,replace_my_bid,"{""id"": ""4"", ""new_bid"": ""37.16""}"
2,1,4,1417719983822297585,1417719983817,replace_bids,"{""id"": ""4"", ""new_bid"": ""38.99""}"
2,1,4,1417719983823004723,1417719983817,replace_my_bid,"{""id"": ""4"", ""new_bid"": ""38.99""}"
2,1,4,1417719984185683290,1417719984178,_at_barrier,_tick_11_2
2,1,3,1417719984206354763,1417719984200,_at_barrier,_tick_11_2
2,1,1,1417719984211534409,1417719984202,_at_barrier,_tick_11_2
2,1,2,1417719984211734042,1417719984202,_at_barrier,_tick_11_2
2,1,1,1417719984253662036,1417719984246,sync_time,"{""t"": 12}"
2,1,1,1417719984263572013,1417719984246,sync_net,"{""tmp"": [{""current_slot"": 0, ""name"": 2, ""ctr"": 400, ""revenue"": 18000, ""bid"": 68.35, ""vfc"": 45, ""cost"": 17532.4, ""payoff"": 467.59999999999854}, {""current_slot"": 1, ""name"": 1, ""ctr"": 380, ""revenue"": 17860, ""bid"": 57.34, ""vfc"": 47, ""cost"": 16385.6, ""payoff"": 1474.4000000000015}, {""current_slot"": 2, ""name"": 3, ""ctr"": 190, ""revenue"": 7600, ""bid"": 47.25, ""vfc"": 40, ""cost"": 7408.1, ""payoff"": 191.89999999999964}, {""current_slot"": 3, ""name"": 4, ""ctr"": 0, ""revenue"": 0, ""bid"": 38.99, ""vfc"": 37, ""cost"": 0, ""payoff"": 0}]}"
2,1,4,1417719985249989680,1417719985240,_at_barrier,_tick_12_2
2,1,3,1417719985271948823,1417719985265,_at_barrier,_tick_12_2
2,1,2,1417719985273395033,1417719985265,_at_barrier,_tick_12_2
2,1,1,1417719985273629300,1417719985265,_at_barrier,_tick_12_2
2,1,1,1417719985308121240,1417719985301,sync_time,"{""t"": 13}"
2,1,1,1417719985317855738,1417719985301,sync_net,"{""tmp"": [{""current_slot"": 0, ""name"": 2, ""ctr"": 400, ""revenue"": 18000, ""bid"": 68.35, ""vfc"": 45, ""cost"": 17532.4, ""payoff"": 467.59999999999854}, {""current_slot"": 1, ""name"": 1, ""ctr"": 380, ""revenue"": 17860, ""bid"": 57.34, ""vfc"": 47, ""cost"": 16385.6, ""payoff"": 1474.4000000000015}, {""current_slot"": 2, ""name"": 3, ""ctr"": 190, ""revenue"": 7600, ""bid"": 47.25, ""vfc"": 40, ""cost"": 7408.1, ""payoff"": 191.89999999999964}, {""current_slot"": 3, ""name"": 4, ""ctr"": 0, ""revenue"": 0, ""bid"": 38.99, ""vfc"": 37, ""cost"": 0, ""payoff"": 0}]}"
2,1,4,1417719985588974177,1417719985579,replace_bids,"{""id"": ""4"", ""new_bid"": ""38.38""}"
2,1,4,1417719985589417086,1417719985579,replace_my_bid,"{""id"": ""4"", ""new_bid"": ""38.38""}"
2,1,4,1417719985752978176,1417719985744,replace_bids,"{""id"": ""4"", ""new_bid"": ""39.60""}"
2,1,4,1417719985753415568,1417719985744,replace_my_bid,"{""id"": ""4"", ""new_bid"": ""39.60""}"
2,1,4,1417719985784870172,1417719985778,replace_bids,"{""id"": ""4"", ""new_bid"": ""46.94""}"
2,1,4,1417719985796651101,1417719985778,replace_my_bid,"{""id"": ""4"", ""new_bid"": ""46.94""}"
2,1,4,1417719985819405450,1417719985811,replace_bids,"{""id"": ""4"", ""new_bid"": ""52.14""}"
2,1,4,1417719985819812038,1417719985811,replace_my_bid,"{""id"": ""4"", ""new_bid"": ""52.14""}"
2,1,4,1417719985854002822,1417719985845,replace_bids,"{""id"": ""4"", ""new_bid"": ""54.89""}"
2,1,4,1417719985861327337,1417719985845,replace_my_bid,"{""id"": ""4"", ""new_bid"": ""54.89""}"
2,1,4,1417719986314534320,1417719986303,_at_barrier,_tick_13_2
2,1,3,1417719986336263799,1417719986329,_at_barrier,_tick_13_2
2,1,1,1417719986337012758,1417719986329,_at_barrier,_tick_13_2
2,1,2,1417719986347900594,1417719986329,_at_barrier,_tick_13_2
2,1,1,1417719986386799648,1417719986379,sync_time,"{""t"": 14}"
2,1,1,1417719986394371982,1417719986379,sync_net,"{""tmp"": [{""current_slot"": 0, ""name"": 2, ""ctr"": 400, ""revenue"": 18000, ""bid"": 68.35, ""vfc"": 45, ""cost"": 20553.4, ""payoff"": -2553.4000000000015}, {""current_slot"": 1, ""name"": 1, ""ctr"": 380, ""revenue"": 17860, ""bid"": 57.34, ""vfc"": 47, ""cost"": 19406.6, ""payoff"": -1546.5999999999985}, {""current_slot"": 2, ""name"": 4, ""ctr"": 190, ""revenue"": 7030, ""bid"": 54.89, ""vfc"": 37, ""cost"": 8977.5, ""payoff"": -1947.5}, {""current_slot"": 3, ""name"": 3, ""ctr"": 0, ""revenue"": 0, ""bid"": 47.25, ""vfc"": 40, ""cost"": 0, ""payoff"": 0}]}"
2,1,4,1417719987390684843,1417719987380,_at_barrier,_tick_14_2
2,1,1,1417719987414016119,1417719987404,_at_barrier,_tick_14_2
2,1,3,1417719987414265348,1417719987405,_at_barrier,_tick_14_2
2,1,2,1417719987414555736,1417719987405,_at_barrier,_tick_14_2
2,1,1,1417719987449872866,1417719987442,sync_time,"{""t"": 15}"
2,1,1,1417719987450369622,1417719987442,sync_net,"{""tmp"": [{""current_slot"": 0, ""name"": 2, ""ctr"": 400, ""revenue"": 18000, ""bid"": 68.35, ""vfc"": 45, ""cost"": 20553.4, ""payoff"": -2553.4000000000015}, {""current_slot"": 1, ""name"": 1, ""ctr"": 380, ""revenue"": 17860, ""bid"": 57.34, ""vfc"": 47, ""cost"": 19406.6, ""payoff"": -1546.5999999999985}, {""current_slot"": 2, ""name"": 4, ""ctr"": 190, ""revenue"": 7030, ""bid"": 54.89, ""vfc"": 37, ""cost"": 8977.5, ""payoff"": -1947.5}, {""current_slot"": 3, ""name"": 3, ""ctr"": 0, ""revenue"": 0, ""bid"": 47.25, ""vfc"": 40, ""cost"": 0, ""payoff"": 0}]}"
2,1,4,1417719988453045047,1417719988441,_at_barrier,_tick_15_2
2,1,2,1417719988474649665,1417719988467,_at_barrier,_tick_15_2
2,1,3,1417719988475999771,1417719988467,_at_barrier,_tick_15_2
2,1,1,1417719988484619305,1417719988468,_at_barrier,_tick_15_2
2,1,1,1417719988524240539,1417719988516,sync_time,"{""t"": 16}"
2,1,1,1417719988534306771,1417719988516,sync_net,"{""tmp"": [{""current_slot"": 0, ""name"": 2, ""ctr"": 400, ""revenue"": 18000, ""bid"": 68.35, ""vfc"": 45, ""cost"": 20553.4, ""payoff"": -2553.4000000000015}, {""current_slot"": 1, ""name"": 1, ""ctr"": 380, ""revenue"": 17860, ""bid"": 57.34, ""vfc"": 47, ""cost"": 19406.6, ""payoff"": -1546.5999999999985}, {""current_slot"": 2, ""name"": 4, ""ctr"": 190, ""revenue"": 7030, ""bid"": 54.89, ""vfc"": 37, ""cost"": 8977.5, ""payoff"": -1947.5}, {""current_slot"": 3, ""name"": 3, ""ctr"": 0, ""revenue"": 0, ""bid"": 47.25, ""vfc"": 40, ""cost"": 0, ""payoff"": 0}]}"
2,1,1,1417719989528461131,1417719989517,_at_barrier,_tick_16_2
2,1,4,1417719989549857400,1417719989542,_at_barrier,_tick_16_2
2,1,3,1417719989553766684,1417719989544,_at_barrier,_tick_16_2
2,1,2,1417719989553964050,1417719989544,_at_barrier,_tick_16_2
2,1,1,1417719989595896477,1417719989587,sync_time,"{""t"": 17}"
2,1,1,1417719989596399773,1417719989587,sync_net,"{""tmp"": [{""current_slot"": 0, ""name"": 2, ""ctr"": 400, ""revenue"": 18000, ""bid"": 68.35, ""vfc"": 45, ""cost"": 20553.4, ""payoff"": -2553.4000000000015}, {""current_slot"": 1, ""name"": 1, ""ctr"": 380, ""revenue"": 17860, ""bid"": 57.34, ""vfc"": 47, ""cost"": 19406.6, ""payoff"": -1546.5999999999985}, {""current_slot"": 2, ""name"": 4, ""ctr"": 190, ""revenue"": 7030, ""bid"": 54.89, ""vfc"": 37, ""cost"": 8977.5, ""payoff"": -1947.5}, {""current_slot"": 3, ""name"": 3, ""ctr"": 0, ""revenue"": 0, ""bid"": 47.25, ""vfc"": 40, ""cost"": 0, ""payoff"": 0}]}"
2,1,1,1417719990602813526,1417719990589,_at_barrier,_tick_17_2
2,1,2,1417719990624034283,1417719990617,_at_barrier,_tick_17_2
2,1,3,1417719990626023371,1417719990617,_at_barrier,_tick_17_2
2,1,4,1417719990626223893,1417719990617,_at_barrier,_tick_17_2
2,1,1,1417719990660237601,1417719990652,sync_time,"{""t"": 18}"
2,1,1,1417719990668189567,1417719990653,sync_net,"{""tmp"": [{""current_slot"": 0, ""name"": 2, ""ctr"": 400, ""revenue"": 18000, ""bid"": 68.35, ""vfc"": 45, ""cost"": 20553.4, ""payoff"": -2553.4000000000015}, {""current_slot"": 1, ""name"": 1, ""ctr"": 380, ""revenue"": 17860, ""bid"": 57.34, ""vfc"": 47, ""cost"": 19406.6, ""payoff"": -1546.5999999999985}, {""current_slot"": 2, ""name"": 4, ""ctr"": 190, ""revenue"": 7030, ""bid"": 54.89, ""vfc"": 37, ""cost"": 8977.5, ""payoff"": -1947.5}, {""current_slot"": 3, ""name"": 3, ""ctr"": 0, ""revenue"": 0, ""bid"": 47.25, ""vfc"": 40, ""cost"": 0, ""payoff"": 0}]}"
2,1,2,1417719991662133449,1417719991654,_at_barrier,_tick_18_2
2,1,3,1417719991683920813,1417719991673,_at_barrier,_tick_18_2
2,1,1,1417719991686546939,1417719991677,_at_barrier,_tick_18_2
2,1,4,1417719991686744287,1417719991677,_at_barrier,_tick_18_2
2,1,1,1417719991722763850,1417719991715,sync_time,"{""t"": 19}"
2,1,1,1417719991732135407,1417719991715,sync_net,"{""tmp"": [{""current_slot"": 0, ""name"": 2, ""ctr"": 400, ""revenue"": 18000, ""bid"": 68.35, ""vfc"": 45, ""cost"": 20553.4, ""payoff"": -2553.4000000000015}, {""current_slot"": 1, ""name"": 1, ""ctr"": 380, ""revenue"": 17860, ""bid"": 57.34, ""vfc"": 47, ""cost"": 19406.6, ""payoff"": -1546.5999999999985}, {""current_slot"": 2, ""name"": 4, ""ctr"": 190, ""revenue"": 7030, ""bid"": 54.89, ""vfc"": 37, ""cost"": 8977.5, ""payoff"": -1947.5}, {""current_slot"": 3, ""name"": 3, ""ctr"": 0, ""revenue"": 0, ""bid"": 47.25, ""vfc"": 40, ""cost"": 0, ""payoff"": 0}]}"
2,1,4,1417719992727443359,1417719992717,_at_barrier,_tick_19_2
2,1,3,1417719992751611204,1417719992744,_at_barrier,_tick_19_2
2,1,1,1417719992755722907,1417719992744,_at_barrier,_tick_19_2
2,1,2,1417719992755912976,1417719992744,_at_barrier,_tick_19_2
2,1,1,1417719992796948246,1417719992790,sync_time,"{""t"": 20}"
2,1,1,1417719992806316650,1417719992790,sync_net,"{""tmp"": [{""current_slot"": 0, ""name"": 2, ""ctr"": 400, ""revenue"": 18000, ""bid"": 68.35, ""vfc"": 45, ""cost"": 20553.4, ""payoff"": -2553.4000000000015}, {""current_slot"": 1, ""name"": 1, ""ctr"": 380, ""revenue"": 17860, ""bid"": 57.34, ""vfc"": 47, ""cost"": 19406.6, ""payoff"": -1546.5999999999985}, {""current_slot"": 2, ""name"": 4, ""ctr"": 190, ""revenue"": 7030, ""bid"": 54.89, ""vfc"": 37, ""cost"": 8977.5, ""payoff"": -1947.5}, {""current_slot"": 3, ""name"": 3, ""ctr"": 0, ""revenue"": 0, ""bid"": 47.25, ""vfc"": 40, ""cost"": 0, ""payoff"": 0}]}"
2,1,4,1417719993792209714,1417719993783,_at_barrier,_tick_20_2
2,1,2,1417719993819567869,1417719993806,_at_barrier,_tick_20_2
2,1,3,1417719993822010038,1417719993813,_at_barrier,_tick_20_2
2,1,1,1417719993822207461,1417719993813,_at_barrier,_tick_20_2
2,1,1,1417719993858052765,1417719993849,sync_time,"{""t"": 21}"
2,1,1,1417719993858546067,1417719993849,sync_net,"{""tmp"": [{""current_slot"": 0, ""name"": 2, ""ctr"": 400, ""revenue"": 18000, ""bid"": 68.35, ""vfc"": 45, ""cost"": 20553.4, ""payoff"": -2553.4000000000015}, {""current_slot"": 1, ""name"": 1, ""ctr"": 380, ""revenue"": 17860, ""bid"": 57.34, ""vfc"": 47, ""cost"": 19406.6, ""payoff"": -1546.5999999999985}, {""current_slot"": 2, ""name"": 4, ""ctr"": 190, ""revenue"": 7030, ""bid"": 54.89, ""vfc"": 37, ""cost"": 8977.5, ""payoff"": -1947.5}, {""current_slot"": 3, ""name"": 3, ""ctr"": 0, ""revenue"": 0, ""bid"": 47.25, ""vfc"": 40, ""cost"": 0, ""payoff"": 0}]}"
2,1,4,1417719994866392584,1417719994854,_at_barrier,_tick_21_2
2,1,1,1417719994889765340,1417719994882,_at_barrier,_tick_21_2
2,1,2,1417719994890642937,1417719994882,_at_barrier,_tick_21_2
2,1,3,1417719994890840910,1417719994882,_at_barrier,_tick_21_2
2,1,1,1417719994924168263,1417719994917,sync_time,"{""t"": 22}"
2,1,1,1417719994934809519,1417719994917,sync_net,"{""tmp"": [{""current_slot"": 0, ""name"": 2, ""ctr"": 400, ""revenue"": 18000, ""bid"": 68.35, ""vfc"": 45, ""cost"": 20553.4, ""payoff"": -2553.4000000000015}, {""current_slot"": 1, ""name"": 1, ""ctr"": 380, ""revenue"": 17860, ""bid"": 57.34, ""vfc"": 47, ""cost"": 19406.6, ""payoff"": -1546.5999999999985}, {""current_slot"": 2, ""name"": 4, ""ctr"": 190, ""revenue"": 7030, ""bid"": 54.89, ""vfc"": 37, ""cost"": 8977.5, ""payoff"": -1947.5}, {""current_slot"": 3, ""name"": 3, ""ctr"": 0, ""revenue"": 0, ""bid"": 47.25, ""vfc"": 40, ""cost"": 0, ""payoff"": 0}]}"
2,1,4,1417719995929113781,1417719995919,_at_barrier,_tick_22_2
2,1,2,1417719995950549155,1417719995943,_at_barrier,_tick_22_2
2,1,1,1417719995952153640,1417719995943,_at_barrier,_tick_22_2
2,1,3,1417719995952349616,1417719995943,_at_barrier,_tick_22_2
2,1,1,1417719995986528696,1417719995979,sync_time,"{""t"": 23}"
2,1,1,1417719995997154765,1417719995979,sync_net,"{""tmp"": [{""current_slot"": 0, ""name"": 2, ""ctr"": 400, ""revenue"": 18000, ""bid"": 68.35, ""vfc"": 45, ""cost"": 20553.4, ""payoff"": -2553.4000000000015}, {""current_slot"": 1, ""name"": 1, ""ctr"": 380, ""revenue"": 17860, ""bid"": 57.34, ""vfc"": 47, ""cost"": 19406.6, ""payoff"": -1546.5999999999985}, {""current_slot"": 2, ""name"": 4, ""ctr"": 190, ""revenue"": 7030, ""bid"": 54.89, ""vfc"": 37, ""cost"": 8977.5, ""payoff"": -1947.5}, {""current_slot"": 3, ""name"": 3, ""ctr"": 0, ""revenue"": 0, ""bid"": 47.25, ""vfc"": 40, ""cost"": 0, ""payoff"": 0}]}"
2,1,4,1417719996996312074,1417719996986,_at_barrier,_tick_23_2
2,1,3,1417719997019549301,1417719997011,_at_barrier,_tick_23_2
2,1,1,1417719997019794468,1417719997011,_at_barrier,_tick_23_2
2,1,2,1417719997020085278,1417719997011,_at_barrier,_tick_23_2
2,1,1,1417719997054985877,1417719997048,sync_time,"{""t"": 24}"
2,1,1,1417719997064008736,1417719997048,sync_net,"{""tmp"": [{""current_slot"": 0, ""name"": 2, ""ctr"": 400, ""revenue"": 18000, ""bid"": 68.35, ""vfc"": 45, ""cost"": 20553.4, ""payoff"": -2553.4000000000015}, {""current_slot"": 1, ""name"": 1, ""ctr"": 380, ""revenue"": 17860, ""bid"": 57.34, ""vfc"": 47, ""cost"": 19406.6, ""payoff"": -1546.5999999999985}, {""current_slot"": 2, ""name"": 4, ""ctr"": 190, ""revenue"": 7030, ""bid"": 54.89, ""vfc"": 37, ""cost"": 8977.5, ""payoff"": -1947.5}, {""current_slot"": 3, ""name"": 3, ""ctr"": 0, ""revenue"": 0, ""bid"": 47.25, ""vfc"": 40, ""cost"": 0, ""payoff"": 0}]}"
2,1,4,1417719998061932376,1417719998052,_at_barrier,_tick_24_2
2,1,1,1417719998090272882,1417719998076,_at_barrier,_tick_24_2
2,1,3,1417719998090520835,1417719998076,_at_barrier,_tick_24_2
2,1,2,1417719998090812956,1417719998076,_at_barrier,_tick_24_2
2,1,1,1417719998125032446,1417719998117,sync_time,"{""t"": 25}"
2,1,1,1417719998135846253,1417719998117,sync_net,"{""tmp"": [{""current_slot"": 0, ""name"": 2, ""ctr"": 400, ""revenue"": 18000, ""bid"": 68.35, ""vfc"": 45, ""cost"": 20553.4, ""payoff"": -2553.4000000000015}, {""current_slot"": 1, ""name"": 1, ""ctr"": 380, ""revenue"": 17860, ""bid"": 57.34, ""vfc"": 47, ""cost"": 19406.6, ""payoff"": -1546.5999999999985}, {""current_slot"": 2, ""name"": 4, ""ctr"": 190, ""revenue"": 7030, ""bid"": 54.89, ""vfc"": 37, ""cost"": 8977.5, ""payoff"": -1947.5}, {""current_slot"": 3, ""name"": 3, ""ctr"": 0, ""revenue"": 0, ""bid"": 47.25, ""vfc"": 40, ""cost"": 0, ""payoff"": 0}]}"
2,1,4,1417719999133240924,1417719999124,_at_barrier,_tick_25_2
2,1,1,1417719999156578596,1417719999148,_at_barrier,_tick_25_2
2,1,2,1417719999156804516,1417719999147,_at_barrier,_tick_25_2
2,1,3,1417719999157097322,1417719999147,_at_barrier,_tick_25_2
2,1,1,1417719999200838835,1417719999191,sync_time,"{""t"": 26}"
2,1,1,1417719999201331255,1417719999191,sync_net,"{""tmp"": [{""current_slot"": 0, ""name"": 2, ""ctr"": 400, ""revenue"": 18000, ""bid"": 68.35, ""vfc"": 45, ""cost"": 20553.4, ""payoff"": -2553.4000000000015}, {""current_slot"": 1, ""name"": 1, ""ctr"": 380, ""revenue"": 17860, ""bid"": 57.34, ""vfc"": 47, ""cost"": 19406.6, ""payoff"": -1546.5999999999985}, {""current_slot"": 2, ""name"": 4, ""ctr"": 190, ""revenue"": 7030, ""bid"": 54.89, ""vfc"": 37, ""cost"": 8977.5, ""payoff"": -1947.5}, {""current_slot"": 3, ""name"": 3, ""ctr"": 0, ""revenue"": 0, ""bid"": 47.25, ""vfc"": 40, ""cost"": 0, ""payoff"": 0}]}"
2,1,4,1417720000199161707,1417720000189,_at_barrier,_tick_26_2
2,1,3,1417720000221420003,1417720000214,_at_barrier,_tick_26_2
2,1,1,1417720000221629356,1417720000214,_at_barrier,_tick_26_2
2,1,2,1417720000230753146,1417720000214,_at_barrier,_tick_26_2
2,1,1,1417720000270001824,1417720000259,sync_time,"{""t"": 27}"
2,1,1,1417720000290885037,1417720000259,sync_net,"{""tmp"": [{""current_slot"": 0, ""name"": 2, ""ctr"": 400, ""revenue"": 18000, ""bid"": 68.35, ""vfc"": 45, ""cost"": 20553.4, ""payoff"": -2553.4000000000015}, {""current_slot"": 1, ""name"": 1, ""ctr"": 380, ""revenue"": 17860, ""bid"": 57.34, ""vfc"": 47, ""cost"": 19406.6, ""payoff"": -1546.5999999999985}, {""current_slot"": 2, ""name"": 4, ""ctr"": 190, ""revenue"": 7030, ""bid"": 54.89, ""vfc"": 37, ""cost"": 8977.5, ""payoff"": -1947.5}, {""current_slot"": 3, ""name"": 3, ""ctr"": 0, ""revenue"": 0, ""bid"": 47.25, ""vfc"": 40, ""cost"": 0, ""payoff"": 0}]}"
2,1,4,1417720001266008238,1417720001257,_at_barrier,_tick_27_2
2,1,1,1417720001286670844,1417720001280,_at_barrier,_tick_27_2
2,1,3,1417720001293271284,1417720001280,_at_barrier,_tick_27_2
2,1,2,1417720001293466583,1417720001280,_at_barrier,_tick_27_2
2,1,1,1417720001329307747,1417720001321,sync_time,"{""t"": 28}"
2,1,1,1417720001338327513,1417720001321,sync_net,"{""tmp"": [{""current_slot"": 0, ""name"": 2, ""ctr"": 400, ""revenue"": 18000, ""bid"": 68.35, ""vfc"": 45, ""cost"": 20553.4, ""payoff"": -2553.4000000000015}, {""current_slot"": 1, ""name"": 1, ""ctr"": 380, ""revenue"": 17860, ""bid"": 57.34, ""vfc"": 47, ""cost"": 19406.6, ""payoff"": -1546.5999999999985}, {""current_slot"": 2, ""name"": 4, ""ctr"": 190, ""revenue"": 7030, ""bid"": 54.89, ""vfc"": 37, ""cost"": 8977.5, ""payoff"": -1947.5}, {""current_slot"": 3, ""name"": 3, ""ctr"": 0, ""revenue"": 0, ""bid"": 47.25, ""vfc"": 40, ""cost"": 0, ""payoff"": 0}]}"
2,1,4,1417720002332363816,1417720002323,_at_barrier,_tick_28_2
2,1,1,1417720002354048372,1417720002347,_at_barrier,_tick_28_2
2,1,2,1417720002354951923,1417720002347,_at_barrier,_tick_28_2
2,1,3,1417720002355142845,1417720002347,_at_barrier,_tick_28_2
2,1,1,1417720002397055169,1417720002388,sync_time,"{""t"": 29}"
2,1,1,1417720002397561816,1417720002388,sync_net,"{""tmp"": [{""current_slot"": 0, ""name"": 2, ""ctr"": 400, ""revenue"": 18000, ""bid"": 68.35, ""vfc"": 45, ""cost"": 20553.4, ""payoff"": -2553.4000000000015}, {""current_slot"": 1, ""name"": 1, ""ctr"": 380, ""revenue"": 17860, ""bid"": 57.34, ""vfc"": 47, ""cost"": 19406.6, ""payoff"": -1546.5999999999985}, {""current_slot"": 2, ""name"": 4, ""ctr"": 190, ""revenue"": 7030, ""bid"": 54.89, ""vfc"": 37, ""cost"": 8977.5, ""payoff"": -1947.5}, {""current_slot"": 3, ""name"": 3, ""ctr"": 0, ""revenue"": 0, ""bid"": 47.25, ""vfc"": 40, ""cost"": 0, ""payoff"": 0}]}"
2,1,4,1417720003396454743,1417720003388,_at_barrier,_tick_29_2
2,1,2,1417720003417103367,1417720003411,_at_barrier,_tick_29_2
2,1,1,1417720003419601944,1417720003411,_at_barrier,_tick_29_2
2,1,3,1417720003419799420,1417720003411,_at_barrier,_tick_29_2
2,1,4,1417720003457944488,1417720003450,new_period,
2,1,2,1417720003460451765,1417720003453,new_period,
2,1,3,1417720003462595951,1417720003456,new_period,
2,1,1,1417720003465295674,1417720003458,sync_time,"{""t"": 30}"
2,1,1,1417720003466266072,1417720003458,sync_net,"{""tmp"": [{""current_slot"": 0, ""name"": 2, ""ctr"": 400, ""revenue"": 18000, ""bid"": 68.35, ""vfc"": 45, ""cost"": 20553.4, ""payoff"": -2553.4000000000015}, {""current_slot"": 1, ""name"": 1, ""ctr"": 380, ""revenue"": 17860, ""bid"": 57.34, ""vfc"": 47, ""cost"": 19406.6, ""payoff"": -1546.5999999999985}, {""current_slot"": 2, ""name"": 4, ""ctr"": 190, ""revenue"": 7030, ""bid"": 54.89, ""vfc"": 37, ""cost"": 8977.5, ""payoff"": -1947.5}, {""current_slot"": 3, ""name"": 3, ""ctr"": 0, ""revenue"": 0, ""bid"": 47.25, ""vfc"": 40, ""cost"": 0, ""payoff"": 0}]}"
2,1,1,1417720003467242127,1417720003458,new_period,
2,1,3,1417720003480192437,1417720003472,__set_points__,"{""points"": 4146, ""period"": 2}"
2,1,1,1417720003481241687,1417720003472,__set_points__,"{""points"": 2191, ""period"": 2}"
2,1,2,1417720003483761530,1417720003472,__set_points__,"{""points"": -366, ""period"": 2}"
2,1,4,1417720003485601629,1417720003476,__set_points__,"{""points"": -1104, ""period"": 2}"
2,1,1,1417720003485827165,1417720003476,__set_points__,"{""points"": 2191, ""period"": 2}"
2,1,3,1417720003486150683,1417720003476,__set_points__,"{""points"": 4146, ""period"": 2}"
2,1,2,1417720003491110546,1417720003478,__set_points__,"{""points"": -366, ""period"": 2}"
2,1,1,1417720003491388523,1417720003477,__set_points__,"{""points"": 2191, ""period"": 2}"
2,1,3,1417720003491716487,1417720003482,__set_points__,"{""points"": 4146, ""period"": 2}"
2,1,4,1417720003492034460,1417720003480,__set_points__,"{""points"": -1104, ""period"": 2}"
2,1,2,1417720003492398492,1417720003482,__set_points__,"{""points"": -366, ""period"": 2}"
2,1,4,1417720003492768569,1417720003484,__set_points__,"{""points"": -1104, ""period"": 2}"
2,0,4,1417720008491212110,1417720008481,_next_period,
2,0,4,1417720008491737862,1417720008481,_next_period,
2,0,4,1417720008500733175,1417720008485,_next_period,
0,1,4,1417720008519305496,1417720008510,_accumulated_points,96
3,0,4,1417720008519688490,1417720008510,__set_period__,"{""period"": 3}"
0,1,4,1417720008520158153,1417720008510,_accumulated_points,96
3,0,4,1417720008520524381,1417720008510,__set_period__,"{""period"": 3}"
0,1,4,1417720008542066608,1417720008519,_accumulated_points,96
3,0,4,1417720008543566583,1417720008519,__set_period__,"{""period"": 3}"
3,0,4,1417720008544022779,1417720008534,__set_page__,"{""page"": ""Finish""}"
3,0,4,1417720008558087899,1417720008535,__set_page__,"{""page"": ""Finish""}"
3,0,4,1417720008567577247,1417720008559,__set_page__,"{""page"": ""Finish""}"
3,0,4,1417720009097181359,1417720009089,__page_loaded__,
2,0,1,1417720009214905804,1417720009207,_next_period,
2,0,1,1417720009215279808,1417720009208,_next_period,
2,0,1,1417720009224185036,1417720009208,_next_period,
2,0,2,1417720009237335265,1417720009230,_next_period,
2,0,2,1417720009240838241,1417720009230,_next_period,
2,0,3,1417720009241070007,1417720009230,_next_period,
0,1,1,1417720009241350357,1417720009230,_accumulated_points,356
2,0,2,1417720009241628684,1417720009230,_next_period,
2,0,3,1417720009241976755,1417720009230,_next_period,
3,0,1,1417720009242224455,1417720009231,__set_period__,"{""period"": 3}"
2,0,3,1417720009242663560,1417720009231,_next_period,
0,1,1,1417720009242942019,1417720009231,_accumulated_points,356
3,0,1,1417720009243345868,1417720009231,__set_period__,"{""period"": 3}"
0,1,1,1417720009246231439,1417720009238,_accumulated_points,356
3,0,1,1417720009247902933,1417720009238,__set_period__,"{""period"": 3}"
0,1,2,1417720009258977234,1417720009252,_accumulated_points,-2862
3,0,2,1417720009259731650,1417720009252,__set_period__,"{""period"": 3}"
0,1,2,1417720009263797082,1417720009255,_accumulated_points,-2862
0,1,3,1417720009264872835,1417720009256,_accumulated_points,4716
3,0,2,1417720009265067221,1417720009255,__set_period__,"{""period"": 3}"
0,1,2,1417720009266889143,1417720009256,_accumulated_points,-2862
3,0,3,1417720009267099139,1417720009256,__set_period__,"{""period"": 3}"
3,0,2,1417720009267580122,1417720009256,__set_period__,"{""period"": 3}"
0,1,3,1417720009268063694,1417720009257,_accumulated_points,4716
3,0,3,1417720009268545989,1417720009257,__set_period__,"{""period"": 3}"
3,0,1,1417720009268880137,1417720009259,__set_page__,"{""page"": ""Finish""}"
0,1,3,1417720009269354886,1417720009258,_accumulated_points,4716
3,0,1,1417720009269676990,1417720009259,__set_page__,"{""page"": ""Finish""}"
3,0,3,1417720009270126052,1417720009258,__set_period__,"{""period"": 3}"
3,0,1,1417720009280497371,1417720009264,__set_page__,"{""page"": ""Finish""}"
3,0,2,1417720009285310116,1417720009276,__set_page__,"{""page"": ""Finish""}"
3,0,2,1417720009287147015,1417720009279,__set_page__,"{""page"": ""Finish""}"
3,0,3,1417720009292309514,1417720009283,__set_page__,"{""page"": ""Finish""}"
3,0,2,1417720009296112747,1417720009283,__set_page__,"{""page"": ""Finish""}"
3,0,3,1417720009296446861,1417720009284,__set_page__,"{""page"": ""Finish""}"
3,0,3,1417720009297065482,1417720009286,__set_page__,"{""page"": ""Finish""}"
3,0,1,1417720011285123224,1417720011274,__page_loaded__,
3,0,2,1417720011334072503,1417720011326,__page_loaded__,
3,0,3,1417720011383701737,1417720011375,__page_loaded__,
3,1,1,1417720011407389994,1417720011398,_at_barrier,_on_load_3
3,1,4,1417720011407654970,1417720011398,_at_barrier,_on_load_3
3,1,2,1417720011407944927,1417720011398,_at_barrier,_on_load_3
3,1,3,1417720011408212954,1417720011399,_at_barrier,_on_load_3
